Latitude_Degrees,Longitude_Degrees,Depth,ClimSST,SSTA,Average_Bleaching
-20.89983333,149.4077222,4.0,297.78,1.32,6.25
-20.89305556,149.421,5.0,297.78,1.32,8.75
-20.74580556,149.4720556,6.0,298.17,0.87,11.25
-20.73769444,149.4649444,5.0,298.21,1.07,25.0
-20.25936111,148.8145833,2.0,296.48,1.76,1.0
-20.25255556,148.8129167,2.0,296.48,1.76,33.75
-20.06580556,148.9481111,7.0,298.77,0.56,9.25
-20.039,148.8758333,4.0,296.79,0.43,40.0
-19.81777778,149.0658056,5.0,295.74,1.73,9.5
-19.81777778,149.0658056,5.0,296.83,0.98,11.75
-19.81311111,149.0657222,2.0,296.83,0.98,1.25
-19.80755556,149.0627222,4.0,295.74,1.73,4.75
-19.74577778,149.1659444,5.0,298.51,0.06,32.5
-19.74555556,149.1658333,5.0,298.51,0.06,17.25
-19.29,-158.9583333,10.0,298.72,0.44,0.0
-19.26833333,-158.975,10.0,298.74,0.53,0.0
-19.19833333,146.8151667,3.0,295.29,1.71,57.5
-19.19833333,146.8151667,3.0,298.7,1.94,1.0
-19.19805556,146.815,5.0,298.7,1.94,1.0
-19.17066667,146.8485,5.0,295.84,1.62,0.0
-19.16944444,146.8472222,2.0,301.47,1.59,0.5
-19.16916667,146.8469444,5.0,297.02,0.34,4.75
-19.16916667,146.8469444,4.0,294.83,0.29,3.5
-19.15430556,146.8660556,1.0,295.18,1.64,20.0
-19.15430556,146.8660556,3.0,298.66,2.78,6.0
-19.14833333,146.8702778,3.0,297.14,0.39,4.5
-19.14833333,146.8702778,6.0,297.14,0.39,8.25
-19.12269444,146.8813611,3.0,298.66,2.78,6.25
-19.12188889,146.8808333,3.0,295.18,1.64,5.0
-18.95605556,146.95625,3.0,299.09,0.7,17.5
-18.91966667,-159.8466667,10.0,298.72,0.77,0.375
-18.88666667,-159.825,3.0,298.72,0.84,3.5
-18.88666667,-159.825,10.0,298.72,0.84,0.75
-18.855,-159.8083333,3.0,298.61,0.29,0.25
-18.855,-159.8083333,10.0,298.61,0.29,0.0
-18.85333333,-159.805,10.0,298.68,1.1,4.0
-18.85261111,-159.8061667,3.0,298.78,0.56,0.75
-18.85261111,-159.8061667,12.0,298.78,0.56,0.25
-18.84333333,-159.8025,3.0,298.78,0.56,17.0
-18.84333333,-159.8025,10.0,298.78,0.56,0.0
-18.83833333,-159.7995,3.0,298.78,0.56,1.25
-18.83833333,-159.7995,12.0,298.78,0.56,0.025
-18.835,-159.795,3.0,298.68,1.1,3.5
-18.835,-159.795,10.0,298.68,1.1,5.0
-18.8265,-159.7866667,10.0,298.81,0.99,0.5
-18.82,-159.78,4.0,298.72,0.94,0.0
-18.82,-159.78,10.0,298.72,0.94,1.0
-18.79791667,147.5206389,8.0,296.66,0.42,0.5
-18.79744444,147.5199722,5.0,296.66,0.42,0.0
-18.79602778,147.5213333,2.0,296.66,0.42,0.0
-18.79491667,147.5211667,4.0,296.66,0.42,2.25
-18.68716667,147.0968333,4.0,296.51,0.77,0.0
-17.65686111,177.1081667,15.0,301.47,0.36,0.0
-17.65677778,177.10825,3.5,301.47,0.36,0.0
-17.65677778,177.10825,10.5,301.47,0.36,0.0
-16.93225,145.9865278,1.0,301.74,0.97,16.25
-16.8725,146.2044444,3.0,298.15,0.64,72.5
-16.8725,146.2044444,3.0,301.53,0.08,10.0
-16.8725,146.2044444,7.0,301.53,0.08,8.75
-16.8725,146.2044444,3.0,298.73,1.44,95.5
-16.8725,146.2044444,7.0,298.73,1.44,91.0
-16.8725,146.2044444,3.0,301.53,1.36,3.5
-16.73183333,146.2663333,5.0,298.66,0.91,0.0
-16.56666667,145.9833333,4.0,301.42,0.24,4.0
-16.51916667,146.0055556,4.0,298.16,0.79,58.75
-16.5125,146.0011111,5.0,298.73,0.85,75.75
-16.42083333,145.9956944,5.0,298.34,0.92,60.0
-16.42083333,145.9956944,5.0,298.9,1.25,77.5
-16.25,145.8333333,7.0,297.55,1.6,52.5
-16.24166667,145.864,7.0,297.67,0.82,56.25
-12.13647222,96.922,10.0,301.45,0.57,0.0
-28.16252778,153.5311111,4.0,295.64,0.38,0.0
-27.93972222,153.4208333,3.0,296.06,2.99,0.0
-27.93972222,153.4208333,2.0,296.06,2.13,0.0
-27.93688889,153.4256111,4.0,296.06,2.99,0.0
-27.93688889,153.4256111,9.0,296.06,2.13,0.0
-27.51655556,153.3828611,1.0,293.47,1.32,35.75
-27.47202778,153.4099444,2.0,262.15,1.483333333,1.0
-27.47202778,153.4099444,4.0,262.15,0.466666667,18.75
-27.47202778,153.4099444,1.0,262.15,0.466666667,1.25
-27.47013889,153.3491111,1.0,292.87,1.56,18.75
-27.47013889,153.3491111,2.0,299.65,1.01,1.25
-27.42455556,153.2278333,3.0,299.82,0.52,7.75
-27.41908333,153.2416111,2.0,295.93,0.59,37.5
-27.41822222,153.2350278,3.0,299.91,0.48,37.5
-27.41430556,153.5261111,5.0,297.26,0.45,10.0
-27.41430556,153.5261111,5.0,295.89,0.39,1.75
-27.41419444,153.5263889,5.0,297.26,0.45,9.25
-27.41419444,153.5263889,6.0,295.89,0.39,0.0
-27.40069444,153.4373333,2.0,296.04,0.05,1.25
-27.39666667,153.5569444,7.0,297.34,0.31,5.25
-27.39666667,153.5569444,9.0,296.01,1.24,0.5
-27.39055556,153.5511111,5.0,297.34,0.31,12.5
-27.39055556,153.5511111,6.0,296.01,1.24,0.75
-27.34722222,153.2431667,2.0,299.84,0.59,5.0
-27.34483333,153.2387778,2.0,299.84,0.59,0.5
-26.97988889,153.4881667,10.0,298.54,0.69,0.75
-26.97988889,153.4881667,11.0,298.54,0.69,1.0
-26.97988889,153.4881667,12.0,299.66,1.09,10.0
-26.97769444,153.484,10.0,298.54,0.69,0.25
-26.9775,153.4838889,6.0,298.54,0.69,2.25
-26.80333333,153.1455556,4.0,299.22,0.06,12.5
-26.80333333,153.1455556,10.0,299.03,0.47,0.0
-26.80333333,153.1455556,8.0,298.84,0.0,6.5
-26.75166667,153.1578611,9.0,294.02,1.31,0.5
-26.75166667,153.1578611,9.0,294.02,1.31,0.5
-26.75166667,153.1578611,9.0,299.09,0.6,0.75
-26.75166667,153.1578611,9.0,299.09,0.6,0.25
-26.645,153.1608056,12.0,298.63,0.37,1.0
-26.645,153.1608056,9.0,298.63,0.37,1.0
-26.645,153.1608056,9.0,299.19,0.67,0.0
-26.645,153.1608056,10.0,297.42,1.24,0.5
-26.61502778,153.1129444,10.0,298.29,0.78,1.0
-26.61502778,153.1129444,12.0,298.29,0.78,0.75
-26.61502778,153.1129444,9.0,297.39,0.17,0.0
-26.615,153.1127778,5.0,298.6,0.17,3.25
-25.28225,152.9253056,3.0,291.89,0.33,23.75
-25.26305556,152.9381111,4.0,291.89,0.33,22.75
-25.24444444,152.8252778,3.0,291.78,0.2,51.25
-24.88361111,152.4908333,6.0,291.75,0.5,1.25
-24.81027778,152.4711111,6.0,291.89,0.39,0.25
-23.46038889,151.9291944,7.0,297.07,0.53,6.5
-23.46038889,151.9291944,7.0,299.15,0.94,1.0
-23.45480556,151.9238056,5.0,297.07,0.53,4.25
-23.45480556,151.9238056,5.0,299.15,0.94,1.75
-23.45108333,151.9181667,6.0,297.41,0.8,0.75
-23.45108333,151.9181667,6.0,299.35,0.82,10.0
-23.44719444,151.9118889,6.0,297.41,0.8,0.25
-23.44719444,151.9118889,6.0,299.35,0.82,1.25
-23.44469444,151.9183889,2.0,297.05,0.38,5.0
-23.44469444,151.9183889,2.0,299.08,0.82,30.0
-23.44380556,151.9133056,1.0,297.05,0.38,2.75
-23.44380556,151.9133056,2.0,299.08,0.82,6.5
-23.44311111,151.9093889,2.0,297.41,0.8,5.0
-23.44311111,151.9093889,2.0,299.08,0.82,15.0
-23.4425,151.9201111,2.0,297.41,0.8,5.0
-23.4425,151.9201111,2.0,299.35,0.82,25.0
-23.44161111,151.9048056,5.0,297.05,0.38,5.25
-23.44161111,151.9048056,6.0,299.35,0.82,1.0
-23.44111111,151.9105,1.0,297.05,0.38,15.25
-23.44111111,151.9105,2.0,299.35,0.82,17.5
-23.44005556,151.9173056,15.0,297.41,0.8,0.25
-23.44005556,151.9173056,2.0,299.35,0.82,10.0
-23.43877778,151.9138889,1.0,297.05,0.38,10.0
-23.43877778,151.9138889,2.0,299.35,0.82,12.5
-23.43488889,151.911,6.0,299.08,0.82,1.0
-23.43455556,151.9223611,4.0,299.35,0.82,2.0
-23.43430556,151.9333889,7.0,297.05,0.38,2.0
-23.43430556,151.9333889,7.0,299.08,0.82,4.25
-23.434,151.9176944,6.0,297.05,0.38,1.0
-23.434,151.9176944,6.0,299.08,0.82,1.0
-23.43366667,151.9249444,6.0,297.05,0.38,4.0
-23.43366667,151.9249444,6.0,299.08,0.82,3.5
-10.25555556,166.2594444,6.0,262.15,0.02375,0.0
-10.25555556,166.2594444,3.0,262.15,1.50625,0.0
-10.25555556,166.2594444,3.0,262.15,1.50625,0.0
-10.25555556,166.2594444,3.0,262.15,1.37375,3.0
-10.25555556,166.2594444,1.5,262.15,1.37375,1.25
-8.479972222,119.8359444,5.0,302.18,1.51,5.0
-8.479972222,119.8359444,10.0,302.18,1.51,7.5
-8.475972222,125.8836667,6.0,300.4,0.31,0.0
-8.475972222,125.8836667,12.0,300.4,0.31,0.0
-8.359802778,116.1316,3.0,262.15,0.095,0.0
-8.359802778,116.1316,8.0,262.15,0.095,0.0
-8.343944444,116.0261944,3.0,302.61,0.41,11.25
-8.283888889,115.6033333,6.0,301.19,0.76,0.0
-8.281111111,115.6008333,6.0,301.19,0.76,0.0
-8.279444444,115.5991667,6.0,301.19,0.76,0.0
-8.278888889,115.5983333,5.0,301.19,0.76,0.0
-8.276944444,115.5944444,4.0,301.19,0.76,0.0
-8.276111111,115.5936111,5.0,301.19,0.76,0.0
-8.272777778,115.5919444,5.0,302.37,0.67,0.0
-8.272777778,115.5919444,5.0,301.19,0.76,0.25
-8.259166667,115.5838889,3.5,302.52,0.03,0.0
-8.1375,115.3941667,6.0,262.15,0.14,0.0
-8.1375,115.3941667,12.0,262.15,0.14,0.0
-8.108888889,115.3169444,3.0,302.7,0.61,0.0
-8.108888889,115.3169444,10.0,302.7,0.61,0.0
2.172888889,104.1120278,5.9,302.21,0.22,0.0
2.178277778,104.1092222,5.5,302.21,0.22,0.0
2.184,104.1068333,7.0,302.21,0.22,0.0
2.187805556,104.0981389,3.9,302.21,0.22,0.0
2.226111111,104.0530556,2.5,302.08,0.43,13.75
2.231,104.0521667,6.0,302.08,0.43,0.0
2.271166667,104.1273333,6.7,301.95,0.43,0.25
2.273333333,104.1156667,3.6,301.95,0.43,0.0
2.303,104.149,6.1,302.07,0.34,0.0
2.313166667,104.1258333,4.5,301.97,0.12,0.0
2.473416667,103.9615556,3.5,303.08,1.13,0.0
2.4735,103.9588889,2.4,303.08,1.13,0.0
2.481861111,103.9564167,6.0,303.08,1.13,0.0
2.570611111,104.3217778,3.5,302.07,0.26,0.0
2.579361111,104.31575,4.0,302.0,0.28,0.0
2.758361111,104.1991667,7.0,301.88,1.91,3.75
2.779305556,104.2126667,8.0,301.88,1.91,0.0
2.792388889,104.1230278,8.0,262.15,0.4425,0.0
2.816,104.1510278,6.0,262.15,0.915,0.0
2.824166667,104.1573889,8.0,262.15,0.125,0.0
2.888638889,104.0653333,7.0,300.69,1.01,0.0
2.898055556,104.0516667,7.5,300.69,1.01,0.0
3.105555556,73.56611111,6.0,301.97,0.66,0.0
3.105555556,73.56611111,10.0,301.97,0.66,0.0
3.105555556,73.61805556,5.0,301.86,0.56,0.5
3.105555556,73.61805556,11.0,301.86,0.56,0.0
3.224166667,73.43341667,5.0,301.94,0.31,4.0
3.224166667,73.43341667,10.0,301.94,0.31,0.0
3.435,73.42222222,5.0,301.95,0.07,13.75
3.435,73.42222222,10.0,301.95,0.07,0.0
3.448361111,73.75455556,6.0,301.76,0.66,0.0
3.448361111,73.75455556,12.0,301.76,0.66,0.0
3.494638889,72.82327778,6.0,301.88,0.54,1.5
3.494638889,72.82327778,12.0,301.88,0.54,0.0
3.73025,72.76063889,6.0,301.88,0.54,0.0
3.73025,72.76063889,12.0,301.88,0.54,0.0
3.994166667,100.5341389,6.5,303.46,0.17,0.0
4.001638889,100.5490833,6.4,303.44,0.01,0.0
4.002694444,100.5466944,6.0,303.44,0.01,0.0
4.0065,100.5348056,4.5,303.43,0.36,0.0
4.011388889,100.5351111,6.5,303.43,0.36,0.0
4.012194444,100.5448889,5.5,303.44,0.01,0.0
4.022388889,100.5478889,6.0,303.44,0.01,0.0
4.025833333,72.80572222,6.0,301.77,0.61,0.0
4.025833333,72.80572222,12.0,301.77,0.61,0.0
4.032111111,100.55,5.5,303.44,0.01,0.0
4.0575,100.5396944,6.7,303.43,0.33,0.0
4.057972222,72.95627778,6.0,301.7,0.89,0.0
4.057972222,72.95627778,12.0,301.7,0.89,0.5
4.112527778,118.2250556,11.0,302.27,0.13,0.0
4.118833333,73.46722222,6.0,301.76,0.98,0.0
4.183972222,118.8628889,10.0,302.0,1.3,0.0
4.189888889,100.5483056,4.8,303.53,0.66,0.0
4.206333333,118.7848056,10.0,302.0,1.14,0.0
4.250444444,118.6272778,9.0,300.8,0.93,0.5
4.250444444,118.6272778,8.0,302.23,0.67,0.0
4.265638889,73.00255556,8.0,301.8,0.64,0.0
4.265638889,73.00255556,6.0,301.8,0.64,0.0
4.265638889,73.00255556,12.0,301.8,0.64,0.0
4.268083333,73.48875,6.0,301.57,0.8,0.0
4.268083333,73.48875,12.0,301.57,0.8,0.0
4.273055556,113.8147222,9.0,303.81,0.01,0.0
4.293888889,113.8261111,12.0,302.8,0.66,3.25
4.313333333,118.8763889,9.0,301.81,1.04,0.0
4.316083333,118.8751389,10.0,301.81,1.04,0.0
4.343333333,113.8975,6.0,302.46,0.77,8.5
4.504194444,118.9417222,6.0,301.91,1.13,0.0
4.555972222,118.9271111,6.0,301.94,0.65,0.0
4.558694444,118.5545278,7.0,302.24,0.89,0.0
4.570194444,118.9569167,6.0,301.88,0.64,0.0
4.581777778,118.91325,6.0,301.94,0.65,0.0
4.584944444,118.9408889,6.0,301.88,0.9,0.0
4.800361111,103.6742778,5.0,302.47,0.21,0.0
4.806055556,103.6744722,5.0,302.47,0.21,15.0
4.809111111,103.6778056,3.5,301.9,0.14,15.0
4.812805556,103.6759444,6.0,301.9,0.14,0.0
4.815527778,103.6803889,5.0,302.47,0.21,0.0
4.817277778,103.67925,12.0,302.47,0.21,0.0
5.732777778,102.9975,6.5,303.22,0.0,0.0
5.740194444,102.9995556,4.0,303.22,0.0,0.0
5.746916667,102.9998333,4.5,303.22,0.0,0.0
5.884055556,102.7470278,7.0,303.61,0.69,0.0
5.886027778,102.7702778,9.0,303.61,0.69,0.0
5.910611111,102.7098056,8.0,303.62,0.7,0.0
5.912027778,102.7448889,10.5,303.61,0.69,0.0
5.921305556,102.72475,6.0,303.69,1.31,0.0
5.931583333,102.7231667,6.0,303.69,1.31,0.0
6.479083333,117.8908056,16.0,303.08,1.3,2.0
6.483305556,117.8932222,15.0,302.69,1.07,24.25
6.486361111,117.9111667,12.5,302.82,0.83,1.75
6.49825,117.9272222,12.0,303.15,1.86,3.0
6.498333333,117.9113611,5.3,302.94,0.0,6.5
6.500555556,117.9202778,7.0,302.3,0.86,9.25
6.506527778,117.9275278,13.0,303.07,1.29,7.0
6.513444444,117.9056111,13.7,303.03,0.18,7.5
6.513888889,117.9243056,5.3,302.9,0.01,11.75
6.520388889,117.9295833,14.3,302.9,0.01,13.25
6.520972222,117.9157222,5.8,303.03,0.18,0.75
6.552055556,117.9246944,12.0,303.01,0.84,3.5
6.552083333,117.9356944,11.5,303.0,1.9,3.25
6.562111111,117.9201667,12.0,302.84,0.24,11.5
6.701222222,116.3385556,6.0,302.84,0.35,0.5
6.702277778,116.3635278,9.0,302.83,0.23,0.75
6.705138889,116.3205278,7.0,299.94,0.0,2.25
6.706527778,116.3166944,7.0,302.83,0.41,0.25
6.706527778,116.3295278,7.0,299.94,0.0,2.0
6.709666667,116.3234444,4.0,299.9,0.22,0.0
6.713861111,116.3347222,5.0,299.9,0.22,0.5
6.718222222,116.3594444,6.0,302.84,0.39,0.0
6.718277778,116.3595278,4.0,299.9,0.22,0.0
6.719861111,116.3408889,6.0,302.55,1.21,0.0
6.720111111,116.3684167,7.0,302.87,0.2,1.0
6.721583333,116.3484167,7.0,302.55,1.21,0.75
10.65211111,103.2757778,3.0,303.25,0.82,0.0
10.67566667,103.2583056,4.0,262.15,0.158333333,0.0
10.68138889,103.2575833,8.0,262.15,0.158333333,0.25
10.68261111,103.2581944,4.0,262.15,0.158333333,0.0
10.70202778,103.2333056,5.0,303.21,0.26,0.0
10.72577778,103.3330278,4.0,303.35,0.22,0.25
10.73044444,103.3280833,4.0,303.35,0.22,1.0
10.73361111,103.1890278,3.0,303.2,1.03,0.0
10.73538889,103.2085833,4.0,262.15,0.108,0.25
10.73672222,103.2759444,3.0,262.15,0.208,0.0
10.73780556,103.1977222,10.0,262.15,0.308,0.0
10.73888889,103.1983889,4.0,262.15,0.308,0.0
10.74330556,103.2781111,3.0,262.15,0.688,0.0
10.75330556,103.2582222,3.0,303.49,0.25,0.0
10.75444444,103.1908056,2.0,303.55,0.55,0.0
10.764,103.1879167,4.0,303.48,1.35,0.0
10.76461111,103.1863889,7.0,303.48,1.35,0.0
10.76491667,103.1874167,4.0,303.48,1.35,3.75
10.76719444,103.191,4.0,303.48,0.31,0.0
10.76727778,103.1902778,11.0,303.55,0.38,0.0
10.76966667,103.2564167,1.0,303.47,0.51,0.0
10.77105556,103.243,5.0,303.62,0.08,0.0
10.77108333,103.2115833,4.0,262.15,0.48,0.0
10.77130556,103.2109444,8.0,262.15,0.48,0.0
10.77613889,103.2825833,4.0,303.76,0.23,0.0
10.77794444,103.1883333,10.0,303.48,1.35,0.0
10.77866667,103.1891111,4.0,303.55,0.38,0.75
10.7945,103.2464444,4.0,303.5,0.7,0.0
10.79655556,103.23475,3.0,303.77,0.06,0.0
10.98513889,123.4576944,3.3,302.91,0.56,0.0
17.83230556,-76.92216667,4.0,262.15,0.9025,2.5
17.90186111,-76.84588889,5.6,302.48,1.03,0.0
18.09994444,-77.98613889,6.3,262.15,0.436666667,0.0
18.13647222,-78.03825,7.6,300.05,0.24,0.25
18.20947222,-78.25961111,6.7,262.15,0.77,0.0
18.32833333,-68.81805556,12.0,301.98,0.12,2.75
18.34225,-78.35558333,8.9,302.52,0.02,0.0
18.34266667,-68.83258333,11.5,300.96,1.5,42.5
18.36088889,-78.34327778,5.4,302.52,0.02,0.0
18.40980556,-76.97880556,8.4,262.15,0.24,0.0
18.41083333,-76.94852778,8.4,262.15,0.216666667,0.0
18.41238889,-76.94536111,8.3,262.15,0.216666667,0.0
18.41305556,-76.94402778,8.6,302.5,0.21,0.0
18.43483333,-69.68522222,15.0,262.15,0.415,5.75
18.44111111,-69.69166667,18.0,262.15,0.09,1.25
18.45269444,-69.69997222,9.0,262.15,0.45,0.0
18.49619444,-77.63694444,7.4,302.51,0.53,0.0
18.49780556,-77.93280556,8.9,302.46,0.62,0.0
18.49872222,-77.63888889,9.1,302.51,0.53,0.0
19.42369444,-69.40336111,10.0,301.59,1.21,25.0
20.73333333,-156.8983333,5.0,297.6,0.79,0.25
20.73333333,-156.8983333,8.0,297.6,0.79,0.0
21.95558333,120.7118889,5.0,262.15,0.553333333,0.0
21.95558333,120.7118889,10.0,262.15,0.553333333,0.0
21.95558333,120.7118889,5.5,262.15,1.123333333,0.0
21.95558333,120.7118889,11.0,262.15,1.123333333,0.0
21.95558333,120.7118889,5.0,262.15,0.523333333,0.0
21.95558333,120.7118889,10.0,262.15,0.523333333,0.0
22.03788889,121.5216944,5.0,262.15,1.328571429,0.0
22.03788889,121.5216944,10.0,262.15,1.328571429,0.0
22.06619444,121.5708611,5.0,302.14,0.63,0.25
22.06619444,121.5708611,10.0,302.14,0.63,0.0
22.06819444,121.5163333,5.0,262.15,0.745714286,0.5
22.06819444,121.5163333,10.0,262.15,0.745714286,0.0
22.0705,121.50825,5.0,262.15,1.328571429,0.0
22.0705,121.50825,10.0,262.15,1.328571429,17.5
22.08213889,121.5172778,5.0,301.78,1.71,17.5
22.08213889,121.5172778,10.0,301.78,1.71,0.0
22.08427778,121.5532778,5.0,302.31,1.28,0.0
22.08427778,121.5532778,10.0,302.31,1.28,1.25
22.32305556,120.3655556,5.0,297.04,0.85,0.0
22.32305556,120.3655556,10.0,297.04,0.85,0.0
22.32475,120.36825,5.0,297.91,0.29,0.0
22.32475,120.36825,10.0,297.91,0.29,0.0
22.32919444,114.2928611,3.0,295.44,0.08,0.0
22.32919444,114.2928611,3.0,297.68,1.38,0.0
22.32919444,114.2928611,3.0,297.68,3.2,0.0
22.34927778,120.3898889,5.0,297.01,0.88,0.0
22.34927778,120.3898889,10.0,297.01,0.88,0.75
22.34927778,120.3898889,5.0,297.88,0.55,0.0
22.34927778,120.3898889,10.0,297.88,0.55,0.0
22.35391667,120.3688889,5.0,297.01,0.88,0.0
22.35391667,120.3688889,10.0,297.01,0.88,1.25
22.35519444,120.3714722,10.0,297.88,0.55,0.0
22.35519444,120.3714722,5.0,297.16,0.53,0.0
22.46341667,114.33075,2.5,297.07,0.84,6.25
22.63752778,121.4910556,5.0,302.25,0.95,0.25
22.63752778,121.4910556,10.0,302.25,0.95,0.25
22.65472222,121.4698056,5.0,302.43,0.16,0.0
22.65472222,121.4698056,10.0,302.43,0.16,0.0
22.6775,121.4975,5.0,301.22,0.01,0.0
22.6775,121.4975,10.0,301.22,0.01,0.0
22.67777778,121.4822222,5.0,301.32,0.08,0.0
22.67777778,121.4822222,10.0,301.32,0.08,0.0
22.67958333,121.4829722,5.0,302.09,0.74,0.0
22.67958333,121.4829722,10.0,302.09,0.74,0.0
22.67977778,121.4890833,5.0,301.22,0.01,0.0
22.67977778,121.4890833,10.0,301.22,0.01,0.0
22.82972222,121.1888889,4.0,262.15,0.89,0.0
23.11636111,121.3970833,4.2,297.57,0.51,0.0
23.11636111,121.3970833,7.5,297.57,0.51,0.0
23.11636111,121.3970833,4.5,301.43,1.02,0.0
23.11636111,121.3970833,7.5,301.43,1.02,0.0
23.25494444,119.51275,5.0,297.92,3.29,0.25
23.25494444,119.51275,4.3,297.86,2.96,0.0
23.25861111,119.5123889,3.5,297.92,3.29,0.0
23.25877778,119.5186111,5.5,297.92,3.29,0.25
23.26030556,119.5195556,3.3,297.86,2.96,0.0
23.26438889,119.5163333,5.9,297.86,2.96,0.0
23.65444444,121.5438889,2.5,300.9,0.03,0.0
25.11344444,121.9198333,5.0,300.87,2.34,0.5
25.11344444,121.9198333,10.0,300.87,2.34,0.0
25.11344444,121.9198333,5.0,300.92,1.51,0.0
25.11344444,121.9198333,10.0,300.92,1.51,0.0
25.11347222,121.9200278,5.0,300.87,2.34,0.0
25.11347222,121.9200278,10.0,300.87,2.34,0.0
25.11347222,121.9200278,5.0,300.92,1.51,0.0
25.11347222,121.9200278,10.0,300.92,1.51,0.0
25.11580556,121.917,5.0,300.37,0.47,0.0
25.11580556,121.917,7.5,300.37,0.47,0.0
25.12563889,121.9149167,2.7,299.23,1.62,0.0
25.12563889,121.9149167,5.0,300.75,0.33,0.0
25.12563889,121.9149167,3.5,299.05,0.91,25.0
25.135,121.8206111,5.0,300.95,0.96,0.0
25.135,121.8206111,10.0,300.95,0.96,0.0
25.13555556,121.8219444,5.0,300.96,2.22,0.0
25.13555556,121.8219444,11.0,300.96,2.22,0.0
25.14527778,121.8061111,5.0,298.67,0.21,1.0
25.14527778,121.8061111,10.0,298.67,0.21,1.0
25.20738889,121.6955,5.0,300.75,1.21,0.0
25.20738889,121.6955,10.0,300.75,1.21,3.0
25.20786111,121.6945556,5.0,299.14,0.9,0.0
25.20786111,121.6945556,10.0,299.14,0.9,0.0
17.16841667,-61.81833333,8.0,301.28,0.73,0.0
-28.10916667,153.4758333,9.0,295.29,0.34,0.25
-28.10916667,153.4758333,9.0,294.96,0.31,0.0
-28.10916667,153.4758333,9.5,298.26,0.2,0.25
-28.10916667,153.4758333,10.0,298.26,0.19,3.0
-28.10916667,153.4758333,10.0,298.26,0.19,1.0
-27.98669444,153.4333889,5.0,296.17,0.47,0.0
-27.93972222,153.4208333,3.0,295.97,0.12,0.0
-27.93972222,153.4208333,2.0,296.08,1.88,0.0
-27.93972222,153.4208333,3.0,296.08,1.88,0.0
-27.93688889,153.4256111,4.0,296.08,1.88,0.0
-27.90666667,153.4211111,2.0,296.07,2.21,0.0
-27.51769444,153.3846111,2.0,298.65,0.5,4.5
-27.51769444,153.3846111,2.0,299.19,0.58,0.5
-27.51769444,153.3846111,2.0,299.4,0.17,56.25
-27.51769444,153.3846111,3.0,298.65,1.65,4.25
-27.51769444,153.3846111,2.5,298.65,1.65,5.5
-27.51655556,153.3828611,1.0,297.19,2.6,27.5
-27.50219444,153.3706944,3.0,298.32,1.28,0.0
-27.50219444,153.3706944,2.0,298.65,1.65,30.0
-27.50219444,153.3706944,3.0,298.65,1.65,35.0
-27.5,153.37525,1.0,297.19,2.6,11.25
-27.4785,153.3661111,2.0,298.68,0.0,2.75
-27.4785,153.3661111,2.0,299.29,0.38,0.5
-27.4785,153.3661111,2.0,298.42,1.08,0.75
-27.47527778,153.4013889,2.0,262.15,0.43,0.0
-27.47527778,153.4013889,2.0,262.15,0.173333333,0.25
-27.47527778,153.4013889,2.0,262.15,0.506666667,0.25
-27.47202778,153.4099444,2.0,262.15,0.383333333,6.25
-27.47202778,153.4099444,1.0,262.15,2.576666667,0.0
-27.47202778,153.4099444,2.0,262.15,1.016666667,6.25
-27.47013889,153.3491111,3.0,299.65,1.09,7.5
-27.41908333,153.2416111,3.0,299.62,0.28,20.0
-27.41430556,153.5261111,5.0,299.06,0.74,3.75
-27.41430556,153.5261111,8.0,298.02,0.6,6.75
-27.41419444,153.5263889,5.0,299.06,0.74,3.75
-27.41419444,153.5263889,6.0,298.02,0.6,2.75
-27.41416667,153.5258333,9.0,299.42,0.86,2.5
-27.41416667,153.5258333,6.0,294.73,0.56,2.25
-27.41416667,153.5258333,7.0,299.06,0.84,0.0
-27.41416667,153.5258333,6.0,294.99,0.89,1.25
-27.41416667,153.5263889,7.0,296.91,0.92,0.0
-27.41416667,153.5263889,6.0,299.06,0.84,0.0
-27.41416667,153.5263889,6.0,294.99,0.89,1.25
-27.40069444,153.4373333,6.0,296.89,1.04,0.0
-27.39666667,153.5569444,9.0,294.89,0.31,0.0
-27.39666667,153.5569444,9.0,299.13,0.76,0.0
-27.39666667,153.5569444,9.0,295.14,0.78,0.0
-27.39666667,153.5569444,6.0,299.13,0.84,3.75
-27.39666667,153.5569444,10.0,298.11,0.13,3.5
-27.39055556,153.5511111,6.0,299.13,0.76,0.5
-27.39055556,153.5511111,6.0,295.14,0.78,0.0
-27.39055556,153.5511111,7.0,299.13,0.84,1.25
-27.39055556,153.5511111,8.0,298.11,0.13,5.0
-27.3,153.2227778,3.0,295.74,1.65,0.5
-27.3,153.2227778,3.0,298.38,0.49,0.0
-27.28194444,153.2091667,2.0,293.4,0.39,0.0
-27.28194444,153.2091667,2.0,295.3,1.11,1.25
-27.00694444,153.4691667,10.0,299.48,0.19,0.5
-26.97988889,153.4881667,11.5,297.62,0.44,1.0
-26.97988889,153.4881667,8.0,299.66,0.28,1.0
-26.97988889,153.4881667,10.0,299.62,0.37,1.0
-26.97769444,153.484,8.5,297.62,0.44,1.25
-26.97769444,153.484,6.0,299.62,0.34,5.0
-26.9775,153.4838889,6.0,295.9,0.17,0.75
-26.9775,153.4838889,4.0,295.9,0.17,0.0
-26.9775,153.4838889,5.0,297.95,0.81,4.0
-26.9775,153.4838889,5.0,299.66,0.28,4.25
-26.9775,153.4838889,10.0,299.62,0.37,0.75
-26.96861111,153.4913889,6.0,299.08,0.44,2.5
-26.96861111,153.4913889,10.0,298.54,1.28,0.0
-26.96861111,153.4913889,10.0,297.28,0.16,0.0
-26.96861111,153.4913889,9.0,298.85,0.41,1.0
-26.96838889,153.4833889,6.0,298.85,0.41,1.25
-26.96833333,153.4833333,9.0,299.08,0.15,0.25
-26.96833333,153.4833333,6.0,299.08,0.44,2.5
-26.96833333,153.4833333,6.0,297.28,1.47,0.0
-26.96833333,153.4833333,7.0,294.3,0.5,1.75
-26.96833333,153.4833333,6.0,297.62,0.41,0.0
-26.96833333,153.4833333,8.0,298.54,0.26,0.0
-26.80333333,153.1455556,3.0,297.38,0.48,0.25
-26.80333333,153.1455556,3.0,292.99,1.64,25.0
-26.80277778,153.1427778,3.0,298.01,0.75,0.0
-26.80277778,153.1427778,3.0,296.65,0.46,0.0
-26.75166667,153.1578611,8.0,297.14,0.28,3.25
-26.75166667,153.1578611,10.0,297.14,0.28,7.5
-26.75138889,153.1577778,10.0,299.4,0.58,0.0
-26.75138889,153.1577778,9.0,299.4,0.58,0.0
-26.75138889,153.1577778,9.0,299.56,0.24,10.0
-26.75138889,153.1577778,9.0,299.56,0.24,6.25
-26.75138889,153.1577778,8.0,299.27,0.38,0.0
-26.75138889,153.1577778,7.0,299.27,0.38,0.0
-26.75138889,153.1577778,8.0,299.5,0.12,1.0
-26.75138889,153.1577778,7.0,299.5,0.12,1.0
-26.67719444,153.1200278,2.0,294.86,1.81,0.0
-26.645,153.1608056,10.0,293.72,0.5,1.75
-26.645,153.1608056,9.0,293.72,0.5,4.25
-26.645,153.1608056,9.0,299.08,0.85,12.5
-26.645,153.1608056,10.0,299.08,0.85,6.25
-26.645,153.1608056,9.0,297.71,0.81,1.5
-26.645,153.1608056,9.0,297.42,0.74,0.0
-26.645,153.1608056,10.0,298.87,0.85,6.25
-26.63519444,153.1518056,9.0,294.52,0.23,0.0
-26.63519444,153.1518056,9.0,297.71,0.81,13.5
-26.635,153.1516667,8.0,295.76,1.34,0.0
-26.635,153.1516667,10.0,294.01,0.1,0.75
-26.635,153.1516667,10.0,295.76,1.75,0.5
-26.61502778,153.1129444,10.0,295.74,1.9,0.25
-26.61502778,153.1129444,10.0,296.74,0.69,6.25
-26.61502778,153.1129444,10.0,297.39,1.27,0.0
-26.61502778,153.1129444,6.0,299.32,0.28,1.0
-26.615,153.1127778,6.0,294.49,0.27,1.0
-26.615,153.1127778,5.0,296.74,0.69,8.75
-26.615,153.1127778,5.0,298.83,0.85,0.75
-26.6025,153.1019444,5.0,295.69,1.38,0.0
-26.51361111,153.1019444,11.0,297.22,1.99,0.25
-26.51361111,153.1019444,11.0,297.22,1.99,0.5
-26.3625,153.115,9.0,296.51,1.06,0.5
-26.3625,153.115,12.0,296.51,1.06,1.0
-26.35972222,153.1030556,10.0,295.22,0.37,0.5
-26.35972222,153.1030556,11.0,298.26,0.0,0.0
-25.64955556,152.9145556,3.0,295.52,0.13,12.5
-25.26305556,152.9381111,3.0,294.5,0.64,4.25
-25.26277778,152.9380556,3.0,295.02,0.22,1.0
-25.24694444,152.7991667,0.1,262.15,0.81,2.0
-25.24444444,152.8252778,4.0,297.6,0.87,2.0
-25.24444444,152.8252778,3.0,294.58,0.92,1.0
-24.88361111,152.4908333,6.0,294.29,0.93,0.75
-24.81027778,152.4711111,5.0,294.94,0.86,0.5
-24.81027778,152.4711111,6.0,294.42,0.75,0.75
-23.46038889,151.9291944,9.0,299.15,0.28,0.5
-23.46038889,151.9291944,7.0,299.15,0.51,1.0
-23.46038889,151.9291944,5.0,299.43,0.49,0.75
-23.46038889,151.9291944,6.0,299.92,0.42,1.0
-23.45480556,151.9238056,5.0,299.43,0.49,2.25
-23.45480556,151.9238056,6.0,299.43,0.49,1.0
-23.45480556,151.9238056,5.0,299.92,0.42,1.0
-23.45108333,151.9181667,6.0,299.35,0.71,4.5
-23.45108333,151.9181667,5.0,299.99,0.39,1.0
-23.44719444,151.9118889,5.0,299.08,0.41,0.75
-23.44719444,151.9118889,7.0,299.35,0.71,3.25
-23.44719444,151.9118889,6.0,299.99,0.39,0.75
-23.44469444,151.9183889,1.5,299.08,0.41,2.5
-23.44469444,151.9183889,1.0,299.35,0.71,4.0
-23.44469444,151.9183889,2.0,299.99,0.39,1.0
-23.44380556,151.9133056,2.0,299.08,0.41,0.75
-23.44380556,151.9133056,2.0,299.35,0.71,18.5
-23.44380556,151.9133056,2.0,299.83,0.0,0.25
-23.44311111,151.9093889,2.0,299.08,0.41,1.0
-23.44311111,151.9093889,1.0,299.35,0.71,3.75
-23.44311111,151.9093889,2.0,299.99,0.39,4.25
-23.4425,151.9201111,1.0,299.35,0.38,8.75
-23.4425,151.9201111,1.0,299.35,0.71,2.25
-23.4425,151.9201111,2.0,299.99,0.39,1.0
-23.44161111,151.9048056,6.0,299.08,0.41,0.5
-23.44161111,151.9048056,6.0,299.35,0.71,2.0
-23.44111111,151.9105,1.0,299.35,0.38,2.75
-23.44111111,151.9105,1.0,299.63,0.84,18.75
-23.44111111,151.9105,2.0,299.99,0.39,1.0
-23.43877778,151.9138889,1.0,299.63,0.84,42.5
-23.43877778,151.9138889,2.0,299.99,0.39,5.75
-23.43455556,151.9223611,5.0,299.63,0.84,1.5
-23.43430556,151.9333889,5.5,299.08,0.41,2.75
-23.43430556,151.9333889,6.0,299.35,0.71,1.5
-23.43430556,151.9333889,6.0,299.63,0.84,2.5
-23.43430556,151.9333889,6.0,299.99,0.39,1.0
-23.434,151.9176944,6.0,299.08,0.41,4.5
-23.434,151.9176944,7.0,299.35,0.71,4.25
-23.434,151.9176944,6.0,299.99,0.39,1.0
-23.43366667,151.9249444,6.0,299.35,0.71,1.5
-23.43366667,151.9249444,6.0,299.99,0.39,1.0
-23.43338889,151.9248056,6.5,299.08,0.41,1.0
-20.04616667,148.8785,3.0,295.31,0.97,0.0
-20.03905556,148.8748056,4.3,297.19,0.34,1.5
-20.03905556,148.8748056,3.5,297.19,0.34,0.0
-20.03905556,148.8748056,5.0,297.61,0.64,2.0
-20.039,148.8758333,5.0,295.76,0.58,0.0
-20.039,148.8758333,5.0,297.61,0.64,2.25
-20.039,148.8758333,6.0,295.47,0.05,0.25
-19.75833333,149.1833333,5.0,298.72,0.88,0.25
-19.75833333,149.1833333,4.7,298.69,0.53,1.0
-19.74577778,149.1659444,5.0,298.71,1.69,1.75
-19.74555556,149.1658333,5.0,298.71,1.69,2.0
-19.74555556,149.1658333,5.0,298.71,1.69,0.25
-19.74555556,149.1658333,14.0,298.66,0.14,0.75
-19.74555556,149.1658333,5.0,298.71,1.26,13.75
-19.57166667,149.2683333,5.2,297.57,0.81,1.25
-19.57166667,149.2683333,5.0,297.57,0.81,0.75
-19.57166667,149.2683333,5.0,296.36,0.49,15.0
-19.57166667,149.2683333,6.0,296.36,0.49,15.0
-19.57166667,149.2683333,6.0,297.92,0.19,4.25
-19.57166667,149.2683333,6.0,297.92,0.19,1.5
-19.19833333,146.8151667,0.1,299.2,0.98,1.0
-19.19833333,146.8151667,1.0,301.41,0.46,1.0
-19.19833333,146.8151667,2.0,301.41,0.46,0.375
-19.19833333,146.8151667,2.0,301.41,0.46,4.25
-19.19833333,146.8151667,3.0,300.07,0.2,0.0
-19.19833333,146.8151667,2.0,294.92,0.45,0.0
-19.19833333,146.8151667,5.0,295.77,0.86,1.0
-19.19833333,146.8151667,4.0,296.78,1.64,8.75
-19.19805556,146.815,0.1,299.2,0.98,1.0
-19.19805556,146.815,0.1,299.2,0.98,2.25
-19.19805556,146.815,3.0,300.07,0.2,0.0
-19.19805556,146.815,2.0,294.92,0.45,0.25
-19.19805556,146.815,2.0,295.77,0.86,3.0
-19.19805556,146.815,3.0,296.78,1.64,6.5
-19.18863889,146.8350278,3.0,300.94,1.08,5.0
-19.18863889,146.8350278,3.0,300.94,1.08,0.0
-19.18863889,146.8350278,3.0,300.94,1.08,0.0
-19.18863889,146.8350278,1.0,301.35,0.67,3.25
-19.18863889,146.8350278,1.9,301.35,0.67,7.5
-19.18863889,146.8350278,2.0,301.35,0.67,6.25
-19.18333333,146.8716667,5.0,302.04,1.96,0.025
-19.18222222,146.8408333,5.0,302.3,0.99,0.0
-19.16916667,146.8469444,5.0,297.55,0.47,0.5
-19.16916667,146.8469444,5.0,294.89,0.87,0.0
-19.16916667,146.8469444,4.5,302.44,1.03,0.0
-19.16916667,146.8469444,5.0,299.16,1.02,0.25
-19.16916667,146.8469444,5.0,301.87,0.83,1.25
-19.16916667,146.8469444,5.0,301.87,0.83,1.25
-19.16916667,146.8469444,5.0,295.2,1.08,0.0
-19.16916667,146.8469444,5.0,295.2,1.08,0.0
-19.16916667,146.8469444,3.0,296.53,2.1,1.0
-19.16916667,146.8469444,2.0,296.53,2.1,2.0
-19.15416667,146.8658333,3.5,299.65,1.03,0.0
-19.15416667,146.8658333,5.0,301.57,0.8,0.0
-19.15416667,146.8658333,5.0,299.16,0.12,0.5
-19.15416667,146.8658333,4.0,297.14,0.84,2.0
-19.15416667,146.8658333,3.0,295.18,1.17,23.0
-19.15416667,146.8658333,3.0,295.18,1.17,23.0
-19.14833333,146.8702778,3.0,300.92,0.79,0.75
-19.14833333,146.8702778,4.0,294.89,0.53,5.0
-19.14225,146.868,8.0,301.57,0.8,0.5
-19.14211111,146.8741111,5.0,299.16,0.12,0.25
-19.14211111,146.8741111,6.0,294.89,0.72,0.0
-19.12269444,146.8813611,2.0,300.92,0.79,1.75
-19.12269444,146.8813611,5.0,296.52,1.11,13.25
-18.95605556,146.95625,4.0,299.02,4.61,0.0
-18.95605556,146.95625,4.0,299.02,4.61,2.0
-18.95605556,146.95625,4.0,299.07,2.02,16.0
-18.95605556,146.95625,5.0,299.08,0.19,0.125
-18.95605556,146.95625,5.0,299.08,0.7,0.25
-18.82630556,147.6272778,5.0,298.24,0.3,0.125
-18.80286111,147.6503889,5.0,299.57,0.04,3.25
-18.80286111,147.6503889,6.0,297.94,0.3,0.0
-18.79791667,147.5206389,4.0,297.88,0.39,0.75
-18.79491667,147.5211667,8.0,299.54,0.63,1.0
-18.79491667,147.5211667,9.0,298.53,0.37,6.25
-18.73908333,147.27225,5.0,301.25,0.74,0.0
-18.73697222,147.2718333,5.0,298.14,0.03,0.25
-18.73697222,147.2718333,5.0,298.14,0.03,0.75
-18.68961111,146.6928889,3.5,296.31,0.29,0.0
-18.68961111,146.6928889,8.0,299.12,0.21,0.0
-18.68961111,146.6928889,3.5,299.51,0.66,0.0
-18.68961111,146.6928889,8.0,299.51,0.66,0.0
-18.68961111,146.6928889,3.5,299.51,0.66,0.0
-18.68961111,146.6928889,8.0,299.51,0.66,0.0
-18.67138889,146.5084722,4.0,298.07,0.31,1.0
-18.67011111,146.5075833,3.5,298.07,0.31,1.0
-18.66894444,146.5070278,2.0,298.07,0.31,0.75
-18.66161111,146.5436111,5.0,299.27,1.39,0.75
-18.661,146.5429167,4.5,299.27,1.39,1.0
-18.65733333,146.5429167,4.5,299.27,1.39,0.0
-18.57838889,146.4824444,3.0,299.7,0.54,0.75
-18.57838889,146.4824444,3.0,299.7,0.54,0.0
-18.57838889,146.4824444,3.0,299.7,0.54,1.0
-18.57838889,146.4824444,5.0,298.01,0.48,1.0
-18.57688889,146.4836111,5.0,298.11,0.51,1.25
-18.57688889,146.4836111,4.0,298.11,0.51,1.75
-18.56122222,146.4881667,3.8,298.11,0.51,0.0
-18.55238889,146.4882778,5.0,298.11,0.51,0.0
-18.55105556,146.4880278,3.0,299.67,0.31,0.5
-18.55105556,146.4880278,8.0,299.67,0.31,1.0
-18.55105556,146.4880278,3.0,299.67,0.31,1.0
-18.55105556,146.4880278,8.0,299.67,0.31,1.0
-18.55105556,146.4880278,3.0,299.67,0.31,0.25
-18.55105556,146.4880278,8.0,299.67,0.31,1.0
-18.54919444,146.4878889,5.0,298.11,0.51,0.0
-16.89138889,146.1975,5.0,301.2,0.18,0.25
-16.89138889,146.1975,7.0,300.64,0.48,0.5
-16.8725,146.2044444,3.0,301.2,1.23,1.0
-16.8725,146.2044444,5.0,301.2,1.23,0.25
-16.8725,146.2044444,3.0,300.33,0.67,0.5
-16.8725,146.2044444,5.0,300.33,0.67,0.0
-16.8725,146.2044444,7.0,300.33,0.67,0.0
-16.8725,146.2044444,5.0,297.5,0.27,1.5
-16.8725,146.2044444,3.0,299.47,0.22,67.5
-16.8725,146.2046667,7.0,300.33,0.67,0.0
-16.84791667,146.2270556,8.0,300.62,0.26,0.0
-16.84791667,146.2270556,3.0,299.04,0.47,1.0
-16.84752778,146.2270556,5.0,300.62,0.26,0.25
-16.79583333,146.1794444,5.0,298.5,0.77,1.0
-16.79583333,146.1794444,2.0,298.5,0.77,3.25
-16.79191667,146.2643056,5.0,298.6,0.52,10.0
-16.73183333,146.2663333,5.0,298.66,0.91,0.0
-16.58555556,145.9761111,5.0,298.89,0.62,0.5
-16.5825,145.9755556,5.0,299.23,0.57,2.75
-16.5825,145.9755556,8.0,299.23,0.57,1.0
-16.5825,145.9755556,3.0,298.89,0.62,0.75
-16.53152778,145.9945278,5.0,299.03,0.61,1.0
-16.52941667,145.9902778,5.0,299.66,1.07,0.0
-16.52941667,146.0153056,5.0,297.32,0.47,0.0
-16.51916667,146.0055556,5.0,297.32,0.47,0.0
-16.51916667,146.0055556,5.0,300.6,1.48,0.25
-16.5125,146.0011111,5.0,299.34,0.32,4.75
-16.5125,146.0011111,5.0,299.42,0.22,3.25
-16.50013889,146.0171944,6.0,297.57,0.66,1.0
-16.45805556,145.9825,5.0,298.18,0.25,0.75
-16.45805556,145.9825,6.0,298.18,0.25,0.0
-16.45805556,145.9825,5.0,300.62,1.66,0.5
-16.4375,145.9921667,5.0,300.4,1.95,22.5
-16.42111111,145.995,5.0,299.19,0.42,0.0
-16.42111111,145.995,5.0,299.19,0.42,0.0
-16.42083333,145.9956944,6.0,297.64,0.35,1.0
-16.42083333,145.9956944,5.0,299.46,0.19,8.75
-16.37716667,145.558,5.0,300.68,0.58,1.0
-16.37716667,145.558,5.0,300.68,0.58,0.25
-16.37716667,145.558,2.0,301.6,0.82,4.5
-16.37716667,145.558,2.0,301.6,0.82,8.0
-16.37716667,145.558,2.0,298.77,0.64,1.75
-16.37716667,145.558,4.0,297.64,0.3,2.0
-16.37716667,145.558,4.0,297.64,0.3,3.0
-16.25,145.8330556,7.0,299.99,0.24,1.0
-16.25,145.8330556,7.0,301.45,0.35,0.0
-16.25,145.8330556,1.0,301.45,0.35,17.5
-16.25,145.8330556,6.0,299.32,0.33,0.0
-16.25,145.8330556,6.0,298.9,0.95,3.25
-16.25,145.8333333,4.0,297.03,0.46,1.0
-16.24294444,145.8693611,5.0,300.01,0.11,2.0
-16.24294444,145.8693611,4.0,299.37,0.06,0.0
-16.24233333,145.8596667,8.0,300.01,0.8,4.5
-16.24233333,145.8596667,5.0,299.37,0.06,0.0
-16.24194444,145.8619444,5.0,297.15,0.42,1.0
-16.24186111,145.8621944,8.0,300.63,0.15,1.0
-16.24186111,145.9662778,4.0,301.4,0.02,2.25
-16.24166667,145.864,5.5,300.33,0.38,0.0
-16.24166667,145.864,5.0,297.46,0.45,0.025
-16.24166667,145.864,8.0,297.46,0.45,0.0
-16.24166667,145.864,5.0,301.44,0.11,2.0
-16.24166667,145.864,6.0,301.44,0.11,0.0
-16.24166667,145.864,5.0,301.44,0.11,0.25
-16.24166667,145.864,5.0,299.37,0.66,5.0
-16.24166667,145.864,8.0,299.37,0.66,6.5
-16.24166667,145.864,4.0,297.15,0.42,6.0
-16.24166667,145.864,8.0,298.87,0.83,28.75
-16.24066667,145.869,4.0,299.69,0.24,0.0
-16.24066667,145.869,5.0,300.33,0.38,0.0
-16.24066667,145.869,5.0,299.37,0.06,0.0
-16.23555556,145.8688889,6.0,301.44,0.11,1.0
-16.23555556,145.8688889,4.0,297.15,0.42,0.75
-16.23086111,145.8675556,4.0,300.63,0.15,1.0
-16.23086111,145.8675556,7.0,301.44,0.11,0.0
-16.23086111,145.8675556,5.0,301.44,0.11,0.0
-16.17830556,145.8881111,3.5,300.06,0.6,3.75
-16.07633333,145.7541667,5.0,297.23,0.27,0.25
-16.0725,145.8431667,4.5,297.48,0.06,0.025
-16.0725,145.8431667,6.0,297.85,0.48,0.025
-16.03333333,145.8391667,4.0,298.94,0.1,1.5
-16.03333333,145.8391667,5.0,300.84,0.95,0.25
-16.01652778,145.8071944,5.0,299.76,0.48,0.0
-16.01652778,145.8071944,5.0,300.89,0.51,0.0
-16.006,145.8486667,5.0,299.77,0.54,0.0
-16.006,145.8486667,2.5,299.49,0.1,0.0
-15.98297222,145.8223889,5.0,301.39,0.27,0.25
-15.98297222,145.8223889,4.0,301.39,0.27,0.25
-15.98297222,145.8223889,5.0,301.17,0.36,1.0
-15.98297222,145.8223889,5.0,297.59,0.0,0.0
-15.98297222,145.8223889,5.0,299.55,0.18,5.0
-15.98297222,145.8223889,6.0,298.58,0.06,1.5
-15.98297222,145.8223889,6.0,298.86,1.43,22.5
-15.98288889,145.8223611,4.5,301.39,0.27,0.2
-15.98288889,145.8223611,5.0,299.55,0.18,2.5
-15.98288889,145.8223611,5.5,299.55,0.18,3.75
-15.98288889,145.8223611,5.5,298.58,0.06,12.75
-15.98288889,145.8223611,6.0,298.86,1.43,13.75
-15.95575,145.8064444,5.0,299.5,0.42,13.75
-15.93622222,145.8132222,7.0,300.07,0.34,0.0
-15.51252778,145.7768611,5.0,299.56,0.18,8.5
-15.39566667,145.7641944,5.0,297.91,0.17,0.0
-14.93019444,145.6753889,6.0,300.55,0.75,5.0
-14.92891667,145.6770833,5.0,298.24,0.63,0.0
-14.917,145.6896667,5.0,299.77,0.51,7.0
-14.91583333,145.6906667,6.0,299.51,0.69,0.75
-14.91555556,145.6908333,5.0,298.24,0.63,0.0
-14.66336111,145.6906667,7.0,299.64,0.57,2.0
-13.88833333,146.5563333,6.0,301.05,0.76,20.0
-13.88722222,146.5572222,5.0,299.04,0.53,0.075
-13.80152778,146.5461111,5.0,299.09,0.51,0.01
-13.80122222,146.5570278,9.0,301.05,0.48,4.0
-12.19875,96.83130556,10.0,301.26,1.2,1.0
-12.19875,96.83130556,10.0,301.26,0.31,0.0
-12.165,96.81633333,10.0,301.22,1.31,1.0
-12.13647222,96.922,10.0,301.45,0.57,0.0
-12.135,96.905,10.0,301.4,1.27,0.0
-12.13294444,96.83169444,10.0,301.4,0.41,0.0
-12.10688889,96.87086111,3.0,301.42,0.24,0.0
-12.10375,96.89169444,10.0,300.39,0.28,0.0
-12.10266667,96.89116667,10.0,301.46,0.7,0.0
-12.09722222,96.84833333,10.0,301.34,0.9,1.0
-12.09666667,96.844,3.0,299.27,0.22,0.0
-12.09666667,96.844,3.0,301.39,0.44,0.0
-12.09666667,96.844,3.0,299.89,0.15,0.025
-12.08766667,96.83716667,10.0,300.83,0.27,1.0
-12.08766667,96.83716667,10.0,301.21,0.83,1.0
-12.08383333,96.75333333,10.0,301.21,1.1,0.0
-11.81722222,96.81666667,10.0,301.52,1.65,0.0
-11.81722222,96.81666667,10.0,301.52,0.97,0.0
-10.42925,105.66725,3.5,262.15,0.171666667,0.0
-10.42925,105.66725,7.0,262.15,0.171666667,0.0
-10.42925,105.66725,4.0,262.15,0.06,0.5
-10.42925,105.66725,6.0,262.15,0.06,0.25
-10.41541667,105.6851111,6.0,262.15,0.358333333,0.25
-10.41541667,105.6851111,10.0,262.15,0.358333333,0.5
-10.41541667,105.6851111,6.0,262.15,0.401666667,0.25
22.4875,-73.13333333,6.0,299.03,0.04,0.25
22.4875,-73.13333333,13.0,299.03,0.04,0.0
22.59466667,-73.62666667,5.5,299.47,0.18,0.0
22.59583333,-73.62666667,4.0,298.88,0.68,0.0
22.59583333,-73.62666667,12.0,298.88,0.68,0.0
23.63336111,-75.35244444,8.3,302.03,0.44,9.25
23.84666667,-75.12333333,6.7,302.16,0.78,2.75
23.94725,-74.55108333,4.0,300.33,1.28,30.0
23.94725,-74.55108333,5.0,300.33,1.28,33.75
24.17738889,-76.43305556,8.8,302.02,0.05,3.75
24.3505,-76.58922222,8.3,302.7,0.0,2.5
24.43172222,-76.68572222,14.0,299.23,0.11,0.0
24.43341667,-76.68088889,6.0,299.23,0.11,0.0
24.80391667,-76.34019444,6.1,298.25,0.29,16.25
25.02222222,-77.57027778,6.0,301.7,0.3,0.0
25.093,-77.23297222,4.5,302.6,0.27,33.25
25.093,-77.23297222,4.5,297.02,0.4,0.0
25.66261111,-79.30766667,1.0,302.29,0.19,0.0
25.66261111,-79.30766667,4.0,302.49,0.35,2.0
25.66261111,-79.30766667,5.0,302.06,0.88,0.0
25.66261111,-79.30766667,5.0,302.06,0.23,1.25
25.66261111,-79.30766667,5.0,301.8,2.49,28.75
25.66261111,-79.30766667,5.0,302.8,0.76,0.0
25.66261111,-79.30766667,5.0,302.69,0.97,0.0
25.66261111,-79.30766667,5.0,302.06,1.13,0.0
25.66261111,-79.30766667,5.0,302.06,1.54,0.25
25.66261111,-79.30766667,5.0,301.23,0.4,5.5
25.66261111,-79.30766667,5.0,302.8,0.62,0.0
25.66261111,-79.30766667,5.0,301.23,0.82,34.5
25.66261111,-79.30766667,5.0,301.8,0.14,2.75
25.66261111,-79.30766667,5.0,301.52,0.01,2.75
25.66261111,-79.30766667,5.0,301.52,1.01,15.25
25.66291667,-79.30891667,5.0,302.06,0.26,16.75
20.62936111,92.32919444,3.5,297.0,0.3,6.25
13.055,-59.54111111,10.0,301.67,0.97,0.0
13.055,-59.54111111,12.9,299.34,0.99,6.25
13.06263889,-59.55661111,10.0,301.67,0.97,5.0
13.09058333,-59.61311111,10.0,262.15,0.632,0.0
13.12166667,-59.64616667,13.0,299.73,0.03,10.0
13.12166667,-59.64616667,13.0,300.62,0.6,10.0
13.19,-59.64166667,3.0,299.7,0.03,10.0
13.19119444,-59.641,4.0,299.48,1.09,1.75
13.26058333,-59.64588889,10.0,262.15,0.142,0.0
13.26166667,-59.645,11.0,262.15,0.216,0.0
13.83944444,-59.61666667,10.0,300.77,1.07,11.25
17.73527778,-61.85222222,5.0,299.75,0.0,5.0
16.09436111,-88.29225,10.0,302.21,0.04,6.25
16.09513889,-88.27136111,10.0,303.0,0.12,4.75
16.09513889,-88.27136111,9.0,299.74,0.28,3.5
16.09513889,-88.27136111,10.0,302.85,0.14,4.25
16.09522222,-88.29172222,3.0,300.67,0.81,1.0
16.11755556,-88.27563889,8.0,302.2,0.57,4.5
16.11819444,-88.27747222,6.7,301.85,0.65,1.0
16.11819444,-88.27747222,5.0,301.39,0.53,2.25
16.11819444,-88.27747222,7.4,302.83,0.98,2.5
16.11819444,-88.27747222,5.0,302.83,0.24,0.0625
16.14108333,-88.24411111,12.0,302.02,1.29,1.0
16.165,-88.33861111,4.1,299.65,0.21,0.5
16.16833333,-88.335,9.2,299.56,0.29,4.0
16.17011111,-88.33972222,3.0,301.32,0.41,3.0
16.17011111,-88.33972222,4.5,301.88,1.46,1.0
16.20705556,-88.51038889,3.0,303.08,0.02,7.5
16.20705556,-88.51038889,8.0,303.08,0.02,1.5
16.43394444,-88.20119444,8.5,302.75,0.35,11.25
16.44225,-88.19602778,11.5,302.75,0.29,10.0
16.44588889,-88.19583333,3.0,302.75,0.29,0.0
16.50844444,-87.98427778,3.0,302.56,1.36,0.0
16.5175,-87.96661111,15.0,302.56,1.36,5.0
16.713,-87.86608333,1.5,301.82,0.79,0.0
16.713,-87.86608333,6.7,301.82,0.79,0.0
16.71327778,-87.85452778,13.0,302.4,1.46,16.25
16.71788889,-87.87127778,2.7,301.82,0.79,0.0
16.71788889,-87.87127778,15.0,301.82,0.79,0.0
16.72041667,-87.89469444,3.0,302.41,1.4,0.0
16.73641667,-87.81275,11.5,302.45,0.71,16.25
16.75169444,-87.81477778,2.0,302.42,0.92,0.0
16.81097222,-88.08194444,3.0,302.63,0.41,0.0
16.81438889,-88.07730556,11.5,302.63,0.41,10.0
16.89611111,-86.05847222,3.0,302.15,0.76,10.0
16.89611111,-86.05847222,10.0,302.15,0.76,11.25
17.20661111,-87.55555556,11.0,302.28,0.73,3.0
17.20802778,-87.54794444,4.0,302.28,0.73,0.0
17.22166667,-87.60380556,2.0,302.26,0.58,0.0
17.22605556,-87.60472222,10.0,302.26,0.58,12.5
17.24647222,-88.05063889,3.0,302.6,0.61,1.25
17.24661111,-88.04963889,10.0,302.6,0.61,0.5
17.24775,-88.05566667,2.5,301.62,0.06,6.25
17.24775,-88.05566667,6.7,301.62,0.06,8.75
17.27772222,-87.80961111,3.0,302.33,0.83,2.5
17.27838889,-87.80633333,10.0,302.33,0.83,2.5
17.33975,-88.02022222,12.0,301.35,0.74,10.0
17.341,-88.0205,13.0,302.26,1.83,3.75
17.34272222,-88.03166667,2.5,301.74,0.34,3.0
17.34402778,-88.02922222,3.0,302.26,1.83,0.0
17.45686111,-88.03377778,10.0,302.44,1.55,0.25
17.50702778,-88.04741667,3.0,301.74,1.43,6.75
17.50702778,-88.04741667,6.5,301.74,1.43,45.0
17.68494444,-88.01030556,4.0,302.47,1.14,0.0
17.68494444,-88.01030556,10.5,302.47,1.14,3.5
17.68494444,-88.01030556,15.0,301.94,1.34,45.0
17.68494444,-88.01030556,5.0,302.35,1.95,0.0
17.68494444,-88.01030556,15.0,302.35,1.95,0.75
17.70436111,-88.01575,5.0,301.91,1.47,80.0
17.78391667,-88.001,5.0,301.77,1.4,60.0
17.78402778,-87.99236111,13.0,301.77,1.4,26.25
17.78536111,-87.99205556,3.3,302.33,1.23,0.0
17.78536111,-87.99205556,14.2,302.33,1.23,2.75
17.78536111,-87.99205556,3.3,301.99,0.48,0.0
17.78536111,-87.99205556,13.0,301.99,0.48,0.0
17.82447222,-87.99375,8.5,301.85,1.27,40.0
17.82558333,-87.98380556,2.7,302.31,1.13,0.0
17.82558333,-87.98380556,16.7,302.31,1.13,3.25
17.82558333,-87.98380556,2.7,301.85,0.39,0.0
17.82558333,-87.98380556,16.7,301.85,0.39,1.0
17.82608333,-87.98494444,12.0,301.92,1.25,50.0
17.83388889,-87.99391667,3.0,302.33,0.35,0.5
17.83388889,-87.99391667,3.0,302.33,0.49,0.5
17.83388889,-87.99391667,3.0,302.4,1.03,0.25
17.86066667,-87.97316667,1.7,302.33,1.16,0.0
17.86066667,-87.97316667,13.3,302.33,1.16,0.5
17.88222222,-87.96430556,1.3,302.16,0.31,0.0
17.88222222,-87.96430556,14.2,302.16,0.31,2.25
17.90061111,-87.96394444,20.0,301.74,0.51,4.0
17.90322222,-87.96122222,15.0,301.74,0.51,8.75
17.90322222,-87.96122222,3.0,301.91,0.21,12.75
17.91236111,-87.95055556,1.3,302.16,0.31,0.0
17.91236111,-87.95055556,14.0,302.16,0.31,2.25
17.91458333,-87.95061111,14.0,301.84,0.25,3.75
17.93005556,-87.93941667,1.7,301.55,0.83,0.0
17.93005556,-87.93941667,15.0,301.55,0.83,0.25
17.937,-87.93575,10.0,302.07,0.92,1.25
17.93847222,-87.93486111,10.0,302.07,0.38,1.5
17.93847222,-87.93486111,10.0,302.07,0.96,0.25
17.99397222,-87.90472222,3.3,302.16,1.67,0.25
17.99397222,-87.90472222,16.7,302.16,1.67,5.0
17.99397222,-87.90472222,3.3,301.43,1.43,0.0
17.99397222,-87.90472222,16.7,301.43,1.43,1.25
17.99444444,-87.90086111,14.0,301.87,1.64,62.5
18.035,-88.03133333,10.0,300.29,0.13,1.5
18.08627778,-87.86586111,1.5,262.15,2.572,5.0
18.08627778,-87.86586111,9.5,262.15,2.572,45.0
18.08627778,-87.86586111,2.0,262.15,1.206,0.0
18.08627778,-87.86586111,13.3,262.15,1.206,0.75
-17.98127778,-38.66063889,12.2,299.87,0.15,2.0
-17.98127778,-38.66063889,11.0,299.75,1.68,0.0
-17.97738889,-38.67144444,9.0,299.65,0.77,2.0
-17.97738889,-38.67144444,6.5,299.79,1.7,0.0
-17.97027778,-38.67180556,7.0,299.87,0.23,2.0
-17.97027778,-38.67180556,9.0,299.79,1.7,0.0
-17.96941667,-38.71244444,4.0,299.64,0.79,2.0
-17.96941667,-38.71244444,9.0,299.6,0.18,0.0
-17.96880556,-38.71416667,6.0,298.71,0.24,1.75
-17.96433333,-38.70066667,5.5,299.65,0.77,2.0
-17.96433333,-38.70066667,5.0,298.7,0.16,0.0
-17.96416667,-38.71361111,4.5,299.73,1.55,0.0
-17.96366667,-38.69963889,5.0,298.7,0.16,0.0
-17.96366667,-38.69963889,4.0,297.51,0.01,1.0
-17.96269444,-38.67019444,8.0,299.87,0.23,2.0
-17.96269444,-38.67019444,10.0,298.7,0.16,0.0
-17.96269444,-38.67019444,13.0,299.66,0.11,0.0
-17.9625,-38.69555556,4.0,299.66,0.11,0.0
-16.42138889,-38.98,5.5,300.39,0.83,0.0
-16.41611111,-38.97444444,7.0,300.39,0.83,0.0
-16.41338889,-38.98825,3.0,298.87,0.06,5.0
-16.39027778,-38.97694444,5.0,300.41,0.36,1.0
-13.07972222,-38.44138889,3.0,301.12,0.54,0.0
-13.03255556,-38.65305556,3.0,301.49,0.24,0.0
-12.96786111,-38.60227778,2.0,262.15,0.136,0.0
-9.048472222,-35.19994444,3.0,301.67,1.1,0.25
-9.048444444,-35.2,3.0,301.67,1.1,0.75
-9.042694444,-35.19625,3.8,301.85,1.3,0.0
-9.040861111,-35.19413889,3.0,301.67,1.1,1.0
-9.038944444,-35.19563889,4.0,301.7,1.1,0.25
-9.032166667,-35.19408333,3.0,301.89,0.46,0.0
-8.905722222,-35.14280556,5.0,262.15,0.1525,0.0
-8.903416667,-35.13797222,5.0,262.15,0.1525,0.0
-8.903416667,-35.13777778,5.0,262.15,0.1525,0.0
-8.88875,-35.13541667,2.0,262.15,0.1525,0.0
-8.883527778,-35.13336111,2.0,262.15,0.1525,0.0
-8.88175,-35.13027778,3.0,262.15,0.1525,0.0
-8.871,-35.12294444,3.0,262.15,0.003333333,13.75
-8.794472222,-35.10141667,2.0,301.31,0.53,0.0
-8.789583333,-35.09833333,3.0,262.15,0.3925,0.0
-8.769777778,-35.08605556,8.0,262.15,0.275,75.0
-8.768222222,-35.08286111,12.0,262.15,0.275,18.25
-8.767055556,-35.09375,2.0,262.15,0.1625,0.0
-8.766722222,-35.09272222,3.0,262.15,0.1525,2.5
-8.766722222,-35.09272222,2.5,262.15,0.1425,33.75
-8.766722222,-35.09272222,3.0,262.15,0.0025,0.0
-8.7665,-35.09291667,3.0,262.15,0.4175,0.0
-8.741305556,-35.08433333,3.0,262.15,0.066666667,0.0
-5.392777778,-35.25333333,2.0,300.42,1.83,13.0
-5.392722222,-35.25244444,3.0,301.31,0.33,0.25
-5.392305556,-35.2535,2.0,299.8,0.3,0.25
-5.392222222,-35.2525,2.0,300.42,1.83,4.5
-5.392222222,-35.25222222,2.0,300.42,1.83,9.75
-5.391805556,-35.25277778,2.0,299.8,0.3,0.0
-5.391388889,-35.25305556,2.0,300.42,1.83,36.25
-5.390388889,-35.254,2.5,299.8,0.3,0.0
-5.39,-35.255,2.0,300.42,1.83,26.0
-5.389722222,-35.255,2.0,300.42,1.83,6.25
-5.388111111,-35.25219444,2.4,299.96,0.05,0.0
-3.874722222,-33.80380556,2.5,300.31,0.26,12.5
-3.873611111,-33.805,2.0,300.24,0.02,0.0
-3.873361111,-33.80919444,4.0,300.32,0.85,2.0
-3.872944444,-33.79827778,2.5,300.5,0.0,0.0
-3.872583333,-33.80538889,2.5,300.32,0.85,0.0
-3.872361111,-33.81255556,2.0,300.32,0.85,0.0
-3.869388889,-33.81730556,2.0,300.24,0.02,0.0
-3.869222222,-32.42269444,3.0,262.15,1.0575,0.0
-3.868611111,-33.79397222,2.0,300.4,0.62,0.0
-3.868166667,-32.42513889,2.0,262.15,0.15625,0.5
-3.868166667,-32.42272222,3.0,262.15,0.38,0.0
-3.868166667,-32.42272222,1.6,262.15,0.05125,0.0
-3.866361111,-33.81830556,2.0,300.4,0.62,0.0
-3.861222222,-33.82313889,3.0,299.99,0.3,0.0
-3.860388889,-33.81872222,4.2,299.99,0.3,2.5
-3.860388889,-33.81872222,2.5,300.32,0.85,12.5
-3.859527778,-33.81841667,3.0,300.5,0.0,0.0
-3.857611111,-33.81716667,2.0,300.32,0.85,0.0
-3.857222222,-33.802,4.5,301.49,0.74,0.0
-3.855833333,-33.79861111,2.5,300.32,0.85,4.25
-3.855472222,-32.44919444,18.0,262.15,1.0575,0.0
-3.854333333,-32.44755556,17.0,262.15,0.05125,0.0
-3.854333333,-32.44755556,17.0,262.15,1.0575,0.0
-3.854277778,-32.44783333,10.0,262.15,0.44,3.5
-3.854277778,-32.44783333,10.0,262.15,0.38,1.75
-3.854,-32.44733333,14.0,262.15,0.05125,0.0
-3.853277778,-32.44483333,9.0,262.15,0.05125,0.0
-3.853277778,-32.44483333,8.0,262.15,1.0575,5.0
-3.853194444,-32.44505556,16.0,262.15,0.44,1.0
-3.853194444,-32.44505556,5.0,262.15,0.38,2.0
-3.850916667,-32.44547222,13.0,262.15,0.38,4.75
-3.850916667,-32.44547222,10.0,262.15,0.05125,0.5
-3.850916667,-32.44547222,14.0,262.15,1.0575,2.75
-3.846972222,-32.44080556,15.0,262.15,0.38,1.5
-3.845916667,-32.44238889,17.4,262.15,0.09875,0.0
-3.845916667,-32.44238889,18.0,262.15,0.38,0.25
-3.845833333,-32.44166667,23.0,262.15,0.05125,0.0
-3.8435,-32.44088889,19.0,262.15,0.05125,0.0
18.31666667,-64.62166667,3.0,298.9,0.13,15.0
18.32461111,-64.60269444,3.0,300.87,0.26,0.0
18.32461111,-64.60269444,10.0,300.87,0.26,0.0
18.32461111,-64.60269444,3.0,300.29,1.1,0.0
18.32461111,-64.60269444,10.0,300.29,1.1,0.25
18.32461111,-64.60269444,3.0,298.84,0.49,63.75
18.32461111,-64.60269444,10.0,298.84,0.49,63.75
18.32461111,-64.60269444,3.0,300.07,0.36,57.5
18.32461111,-64.60269444,10.0,300.07,0.36,58.75
18.32461111,-64.60269444,3.0,300.47,1.29,90.0
18.32461111,-64.60269444,10.0,300.47,1.29,0.0
18.32461111,-64.60269444,10.0,300.77,0.0,16.25
18.32461111,-64.60269444,3.0,300.77,0.0,10.0
18.32461111,-64.60269444,3.0,300.53,1.35,0.25
18.32461111,-64.60269444,10.0,300.53,1.35,8.0
18.33166667,-64.62733333,3.0,298.98,0.55,38.75
18.33166667,-64.62733333,10.0,298.98,0.55,55.0
18.33166667,-64.62733333,3.0,300.07,0.14,42.5
18.33166667,-64.62733333,10.0,300.07,0.14,53.75
18.33166667,-64.62733333,10.0,300.38,0.31,0.0
18.33166667,-64.62733333,3.0,300.38,1.35,0.0
18.33166667,-64.62733333,10.0,300.38,1.35,66.875
18.33166667,-64.62733333,3.0,300.5,1.72,0.0
18.33166667,-64.62733333,10.0,300.5,1.72,0.0
18.33166667,-64.62733333,3.0,300.44,0.76,0.0
18.33166667,-64.62733333,10.0,300.44,0.76,0.0
18.33333333,-64.62666667,3.0,300.98,1.19,12.5
18.33333333,-64.62666667,10.0,300.98,1.19,0.0
18.335,-64.62666667,3.0,301.7,0.37,0.0
18.335,-64.62666667,10.0,301.7,0.37,0.0
18.4,-64.68166667,8.0,298.85,0.67,21.25
18.46527778,-64.52611111,3.0,300.45,1.05,0.0
18.46527778,-64.52611111,10.0,300.45,1.05,0.0
18.49166667,-64.52722222,3.0,300.75,1.04,0.5
18.49166667,-64.52722222,10.0,300.75,1.04,0.0
18.49333333,-64.46027778,3.0,298.9,0.25,73.75
18.49333333,-64.46027778,10.0,298.9,0.25,48.75
18.49333333,-64.46027778,3.0,300.4,0.77,0.0
18.49333333,-64.46027778,10.0,300.4,0.77,11.0
18.49333333,-64.46027778,10.0,300.4,0.31,0.0
18.49333333,-64.46027778,3.0,300.33,1.15,20.0
18.49333333,-64.46027778,10.0,300.33,1.15,0.0
18.49333333,-64.46027778,3.0,300.48,1.02,0.0
18.49333333,-64.46027778,10.0,300.48,1.02,0.0
18.49333333,-64.46027778,3.0,300.4,0.22,0.0
18.49333333,-64.46027778,10.0,300.4,0.22,0.0
18.74166667,-64.43,3.0,298.94,0.08,16.25
18.77166667,-64.878,3.0,300.24,0.84,0.25
18.77166667,-64.878,10.0,300.24,0.84,0.0
18.77166667,-64.878,3.0,299.13,0.69,48.75
18.77166667,-64.878,10.0,299.13,0.69,47.5
18.77166667,-64.878,3.0,300.47,0.98,42.5
18.77166667,-64.878,10.0,300.47,0.98,25.0
18.77166667,-64.878,3.0,300.39,1.34,0.0
18.77166667,-64.878,10.0,300.39,1.34,79.5
18.77166667,-64.878,3.0,300.47,0.16,0.0
18.77166667,-64.878,10.0,300.47,0.16,0.0
4.845611111,114.3289722,12.0,303.82,1.09,0.0
4.848055556,114.3288056,11.0,303.82,1.09,1.25
4.918972222,114.3708889,17.4,303.78,1.17,0.0
4.919972222,114.3708889,15.0,303.78,1.17,0.0
4.933361111,114.3298333,12.0,303.73,0.6,0.5
4.9335,114.3295,12.0,303.73,0.6,0.5
4.952305556,114.3709722,11.0,303.78,1.17,0.0
4.952305556,114.3709722,11.0,303.78,1.17,0.0
5.013055556,114.7122778,8.0,301.27,0.9,0.0
5.013055556,114.7122778,8.5,301.27,0.9,0.0
5.013055556,114.7123056,7.0,301.27,0.9,0.0
5.014472222,114.7153333,8.7,301.27,0.9,0.0
5.083277778,115.0526944,8.0,303.89,0.97,0.0
5.0835,115.0520833,6.0,303.89,0.97,0.0
5.096194444,114.9671944,8.0,301.49,0.47,0.0
5.098055556,114.9709722,7.5,301.49,0.47,0.0
5.103388889,114.7646111,14.0,303.8,1.23,0.0
5.107388889,115.0703889,10.0,301.88,0.65,0.0
5.107388889,115.0703889,12.0,301.88,0.65,0.0
5.108166667,115.0698611,12.0,303.89,0.97,0.0
5.108527778,115.0698889,18.0,303.96,1.3,0.0
5.177944444,114.7560556,12.0,303.71,0.17,0.0
5.179055556,114.7572222,12.0,303.71,0.17,0.0
5.202138889,114.7688889,11.0,303.71,0.17,0.5
5.202972222,114.7672222,8.0,303.71,0.17,2.5
10.62055556,103.2875,9.0,262.15,1.225,0.0
10.62305556,103.2948889,5.0,303.42,1.09,27.5
10.62305556,103.2948889,3.0,303.61,1.61,16.25
10.62305556,103.2948889,3.0,303.52,0.46,0.0
10.62305556,103.2948889,3.0,301.73,0.23,0.0
10.62308333,103.484,4.0,302.33,0.22,0.0
10.62397222,103.4770556,3.0,302.52,0.15,0.0
10.62477778,103.4851667,3.0,302.52,0.15,0.0
10.62569444,103.3125278,4.0,303.23,0.04,2.5
10.62577778,103.2990833,4.0,301.92,0.08,0.0
10.62577778,103.3130833,4.0,301.92,0.08,0.25
10.62611111,103.4868056,4.0,302.33,0.22,0.0
10.62916667,103.2952778,8.0,303.6,0.15,0.0
10.63183333,103.4866944,3.0,302.33,0.22,0.0
10.632,103.4769722,2.5,302.33,0.22,0.0
10.63244444,103.4853611,3.0,302.33,0.22,10.0
10.63411111,103.3054722,4.0,301.92,0.08,0.0
10.66472222,103.2572222,7.0,262.15,1.118333333,1.5
10.66880556,103.2920833,5.0,302.1,0.3,0.0
10.67011111,103.2908889,4.0,302.1,0.3,0.5
10.67927778,103.2986111,3.0,301.92,0.9,0.0
10.69047222,103.3120833,4.0,302.01,0.61,0.25
10.69175,103.3129444,4.0,302.01,0.61,0.25
10.69933333,103.3165,5.0,301.92,0.9,0.25
10.71108333,103.29725,3.0,302.1,1.77,0.0
10.75930556,103.2652222,3.0,303.08,0.39,1.25
10.77391667,103.2549444,4.0,303.08,0.39,0.0
10.77994444,103.2350556,4.0,262.15,0.186666667,3.75
10.82555556,103.1931944,4.5,303.16,0.85,0.0
10.89680556,103.09875,3.0,302.5,0.82,0.0
11.05202778,103.0867222,4.5,262.15,0.93,12.5
11.06619444,103.0773056,3.2,262.15,0.93,0.0
22.25858333,114.3509167,3.0,301.61,2.5,12.5
22.25858333,114.3509167,6.5,299.44,0.3,0.0
22.25858333,114.3509167,2.5,294.56,2.38,3.0
22.25991667,114.3510556,4.0,299.44,0.65,1.25
22.31666667,114.35,3.5,301.89,1.21,0.0
22.31666667,114.35,2.5,301.87,0.12,0.0
22.31666667,114.35,2.5,301.87,0.26,0.0
22.325,114.355,2.5,300.01,0.86,2.5
22.32919444,114.2928611,3.0,295.44,0.08,0.0
22.32919444,114.2928611,3.0,297.68,1.38,0.0
22.32919444,114.2928611,3.0,297.68,3.2,0.0
22.33794444,114.3644722,4.0,299.52,0.69,0.0
22.33794444,114.3644722,4.0,300.07,0.62,0.0
22.33794444,114.3644722,4.5,301.54,1.3,0.0
22.33794444,114.3644722,4.0,301.54,0.19,0.0
22.33794444,114.3644722,2.5,299.52,0.95,0.0
22.33794444,114.3644722,2.5,301.74,0.38,0.0
22.34302778,114.2933889,10.0,300.08,0.75,0.0
22.35208333,114.3496111,2.5,262.15,0.668333333,0.0
22.35275,114.3654722,6.0,300.95,0.76,0.0
22.35380556,114.3690556,4.0,299.52,0.09,0.5
22.35397222,114.36625,4.4,301.28,0.23,4.0
22.35397222,114.36625,3.5,301.54,1.3,0.0
22.35397222,114.36625,4.0,301.54,0.19,0.0
22.35397222,114.36625,4.0,300.54,2.22,1.25
22.35438889,114.2953611,3.0,300.52,0.32,1.75
22.35438889,114.2953611,2.5,296.2,0.43,0.0
22.35583333,114.2975,2.0,300.52,1.27,0.0
22.35672222,114.2933611,4.5,301.2,0.51,0.0
22.35672222,114.2933611,3.0,300.89,1.49,0.0
22.358,114.3374444,2.5,262.15,0.223333333,0.0
22.358,114.3374444,2.8,262.15,0.231666667,0.0
22.358,114.3374444,6.0,262.15,1.371666667,0.0
22.358,114.3374444,3.0,262.15,0.903333333,0.0
22.358,114.3374444,4.5,262.15,1.571666667,0.0
22.358,114.3374444,3.0,262.15,0.393333333,0.0
22.35861111,114.2933611,2.5,301.79,1.52,0.0
22.35861111,114.2933611,3.0,299.0,0.2,0.0
22.35861111,114.2933611,3.0,301.82,0.37,0.0
22.35861111,114.2933611,1.5,301.8,0.16,0.0
22.35963889,114.3765,6.0,300.07,1.82,0.0
22.35963889,114.3765,7.5,301.54,0.22,0.0
22.36058333,114.2966389,1.5,301.8,0.04,0.0
22.36277778,114.2743056,2.0,301.31,0.14,0.0
22.36277778,114.2743056,4.5,301.73,0.98,0.0
22.36277778,114.2743056,4.5,299.48,1.28,0.0
22.36277778,114.2920556,4.0,301.2,0.4,0.0
22.36277778,114.2920556,4.0,296.2,0.22,0.0
22.36325,114.3531667,2.0,262.15,0.091666667,0.015
22.36325,114.3531667,2.5,262.15,0.275,0.0
22.36325,114.3531667,3.0,262.15,0.591666667,0.0
22.36325,114.3531667,2.0,262.15,0.903333333,0.0
22.36377778,114.431,2.0,298.93,1.44,0.0
22.36430556,114.2903889,3.0,293.93,0.3,0.0
22.36555556,114.3033056,3.0,299.57,0.85,0.0
22.36691667,114.3857222,3.0,298.92,0.58,0.0
22.36691667,114.3857222,11.0,301.28,0.23,0.0
22.36691667,114.3857222,3.0,301.28,0.78,0.0
22.36691667,114.3857222,4.5,300.07,0.46,0.0
22.36691667,114.3857222,3.5,301.91,0.11,0.0
22.37233333,114.3832778,8.0,298.31,1.7,0.0
22.37233333,114.3832778,3.1,297.61,0.54,0.0
22.37330556,114.3819167,3.0,298.96,0.16,0.0
22.37330556,114.3819167,4.0,301.47,0.98,11.25
22.37330556,114.3819167,4.0,301.65,1.48,0.0
22.37330556,114.3819167,5.0,301.22,0.6,5.0
22.37330556,114.3819167,6.4,301.65,0.28,0.0
22.38491667,114.2982778,2.0,262.15,0.006666667,0.0
22.38491667,114.2982778,2.0,262.15,1.093333333,0.0
22.38491667,114.2982778,2.0,262.15,1.433333333,0.0
22.46319444,114.3365278,3.0,301.92,0.65,2.0
22.46319444,114.3365278,2.0,301.92,2.21,0.0
22.46341667,114.33075,2.1,299.19,1.16,5.625
22.46341667,114.33075,2.5,297.07,0.84,6.25
22.47152778,114.3307778,3.0,300.33,0.93,0.0
22.47152778,114.3307778,2.5,301.92,1.6,0.0
22.47152778,114.3307778,2.5,302.02,0.13,0.0
22.47152778,114.3307778,2.0,300.33,1.64,0.0
22.47152778,114.3307778,2.5,299.19,1.92,0.0
22.47152778,114.3307778,3.5,301.77,0.95,0.0
22.47152778,114.3307778,3.5,297.82,0.27,0.0
22.47361111,114.3305556,4.5,302.08,1.45,0.0
22.47361111,114.3305556,3.6,301.74,0.67,1.5
22.47461111,114.3234444,3.0,300.33,1.74,0.0
22.47555556,114.3223611,3.0,301.18,0.29,0.0
22.48033333,114.333,4.2,302.08,1.45,0.0
22.48033333,114.333,3.8,301.92,1.34,1.75
22.48033333,114.333,3.9,297.07,0.24,1.0
22.48033333,114.333,2.5,300.33,1.74,5.0
22.48033333,114.333,4.0,302.03,0.15,0.0
22.48033333,114.333,3.0,299.79,0.9,0.0
22.50166667,114.3565,2.0,298.48,0.28,0.0
22.50166667,114.3565,3.5,295.52,0.35,4.0
22.50166667,114.3565,3.5,301.9,2.22,0.0
22.50166667,114.3565,2.8,298.48,0.17,0.0
22.50555556,114.3255556,2.5,301.14,0.57,0.0
22.50555556,114.3255556,4.0,301.14,0.44,0.0
22.50758333,114.3231389,3.0,301.14,0.15,1.25
22.50758333,114.3231389,3.0,302.02,0.27,0.0
22.50758333,114.3231389,3.0,300.27,1.65,0.0
22.51063889,114.3318056,1.8,299.74,0.42,0.0
22.51444444,114.2792778,2.5,298.55,0.07,0.0
22.51444444,114.2792778,2.6,300.72,0.24,0.0
22.51444444,114.2792778,3.2,301.91,0.25,0.0
22.51444444,114.2792778,3.0,301.09,0.69,0.0
22.51444444,114.2792778,3.0,300.72,0.65,0.0
22.52308333,114.3158056,3.0,301.09,0.18,0.0
22.52308333,114.3158056,2.5,301.97,1.54,0.0
22.52308333,114.3158056,4.0,301.92,0.11,0.0
22.52308333,114.3158056,3.5,300.72,2.61,0.0
22.52363889,114.3148889,3.0,298.55,2.34,5.0
22.52625,114.2841944,3.0,300.27,0.84,0.0
22.52625,114.2841944,3.0,301.09,0.01,0.0
22.52625,114.2841944,3.0,301.09,0.26,0.0
22.52625,114.2841944,3.0,301.84,1.26,0.0
22.52625,114.2841944,3.5,298.55,2.34,0.0
22.5285,114.6096944,5.5,262.15,0.702857143,1.0
22.52875,114.2818611,5.0,299.76,0.97,0.0
22.52980556,114.3159167,3.0,301.71,0.43,0.0
22.52980556,114.3159167,3.5,301.71,0.85,0.0
22.52980556,114.3159167,3.0,301.91,0.02,1.25
22.53066667,114.3151667,3.0,299.76,0.97,0.0
22.53066667,114.3151667,3.5,301.96,0.46,0.0
22.53066667,114.3151667,3.0,301.09,0.26,0.0
22.53066667,114.3151667,3.0,300.27,2.51,0.0
22.53066667,114.3151667,2.6,299.18,0.34,0.75
22.53155556,114.3135833,3.5,301.92,1.45,0.0
22.53155556,114.3135833,2.5,301.63,0.34,0.0
22.53333333,114.3158889,2.5,295.62,0.0,0.0
22.53369444,114.3123611,3.0,301.09,0.18,0.05
22.53369444,114.3123611,2.5,298.55,0.07,0.0
22.53369444,114.3123611,3.2,295.62,0.34,3.0
22.5365,114.2675,2.7,299.12,2.14,8.75
22.5365,114.4473611,3.0,262.15,1.0075,0.0
22.5365,114.4473611,3.0,262.15,0.115,0.0
22.5365,114.4473611,4.0,262.15,1.1575,0.0
22.53811111,114.2651944,3.0,297.11,1.17,1.0
22.53811111,114.2651944,3.0,301.07,2.84,0.0
22.54263889,114.4397222,3.0,301.83,2.16,0.0
22.54263889,114.4397222,3.5,300.17,1.98,0.0
22.54263889,114.4397222,2.3,300.64,0.01,0.0
22.54263889,114.4397222,3.0,296.97,0.0,0.0
22.5435,114.4341667,3.0,300.17,1.29,0.0
22.5435,114.4341667,3.0,301.89,0.94,0.0
22.5435,114.4341667,3.0,301.64,0.11,0.0
22.54455556,114.4340556,2.0,300.64,1.18,0.0
22.54455556,114.4340556,1.5,301.04,0.84,2.5
22.54455556,114.4340556,3.5,299.03,1.54,0.0
22.54455556,114.4340556,3.0,302.03,0.17,0.0
22.54502778,114.4329167,3.0,301.99,0.97,0.0
22.54711111,114.431,3.0,299.63,1.55,0.5
22.55038889,114.3142222,3.0,301.92,0.69,0.0
22.55063889,114.3092222,2.8,295.59,0.38,5.25
22.55063889,114.3092222,4.0,302.0,0.49,0.0
22.55063889,114.3092222,3.0,300.24,1.84,0.0
22.55063889,114.3092222,4.0,301.07,0.58,0.0
22.55094444,114.3028889,3.2,302.0,0.72,0.25
22.55094444,114.3028889,3.2,302.0,0.08,0.0
22.55094444,114.3028889,3.5,301.97,0.02,0.0
22.55094444,114.3028889,6.0,299.72,1.86,0.0
22.551,114.3026667,3.0,301.92,0.69,0.0
22.551,114.3026667,1.5,298.51,0.2,0.0
9.383416667,-76.22805556,10.0,302.68,0.04,6.0
9.388444444,-76.17258333,6.0,302.77,0.08,2.25
9.396861111,-76.18927778,6.0,302.77,0.08,2.5
11.30119444,-74.194,11.0,299.63,0.82,7.5
11.30119444,-74.194,10.0,300.05,0.09,0.0
11.30380556,-74.19425,6.0,299.82,0.18,19.25
11.31238889,-74.19505556,7.0,299.82,0.18,6.25
12.50216667,-81.73319444,7.7,301.0,0.95,12.25
12.52166667,-81.7245,12.0,301.0,0.95,13.5
12.53741667,-81.73661111,12.0,301.0,0.95,36.75
13.36502778,-81.40477778,12.0,301.61,0.44,1.25
13.36502778,-81.40477778,5.5,300.98,0.25,5.75
13.36611111,-81.40580556,5.5,299.8,0.02,0.25
13.38877778,-81.39063889,10.5,301.61,0.89,0.5
13.39694444,-81.39402778,6.5,300.94,0.77,0.75
-19.29,-158.9583333,10.0,298.72,0.44,0.0
-19.26833333,-158.975,10.0,298.74,0.53,0.0
-18.91966667,-159.8466667,10.0,298.72,0.77,0.375
-18.88666667,-159.825,3.0,298.72,0.84,3.5
-18.88666667,-159.825,10.0,298.72,0.84,0.75
-18.855,-159.8083333,3.0,298.61,0.29,0.25
-18.855,-159.8083333,10.0,298.61,0.29,0.0
-18.84333333,-159.8016667,10.0,298.68,1.1,0.75
-18.83833333,-159.7995,3.0,298.78,0.56,1.25
-18.83833333,-159.7995,12.0,298.78,0.56,0.025
-18.835,-159.795,3.0,298.68,1.1,3.5
-18.835,-159.795,10.0,298.68,1.1,5.0
-18.8265,-159.7866667,10.0,298.81,0.99,0.5
-18.82,-159.78,4.0,298.72,0.94,0.0
-18.82,-159.78,10.0,298.72,0.94,1.0
8.708722222,-83.86641667,9.0,301.55,0.41,0.0
8.708722222,-83.86641667,10.0,302.73,0.13,35.0
8.715888889,-83.86952778,7.0,301.55,0.41,0.25
8.715888889,-83.86952778,8.3,302.73,0.13,11.25
8.715888889,-83.86952778,8.3,301.59,1.49,5.0
8.715888889,-83.86952778,8.0,301.39,0.34,0.0
8.716888889,-83.87411111,11.7,302.73,0.13,15.5
8.717111111,-83.87388889,4.0,301.55,0.41,0.0
8.717111111,-83.87388889,10.0,301.96,0.87,6.25
8.717111111,-83.87388889,10.0,302.73,0.13,0.5
8.717111111,-83.87388889,9.3,301.59,1.49,42.5
8.717111111,-83.87388889,10.0,301.39,0.34,2.5
19.95975,-75.79191667,10.0,262.15,0.81,0.0
19.96336111,-75.83572222,10.0,262.15,0.746666667,0.0
21.59327778,-81.92352778,12.0,303.45,0.14,12.5
22.12625,-81.14091667,6.0,302.73,0.38,4.0
22.12625,-81.14091667,10.0,302.73,0.38,1.5
23.11819444,-82.43677778,10.0,262.15,0.0075,4.0
23.18066667,-82.09816667,3.0,299.52,0.94,0.25
23.18066667,-82.09816667,10.0,299.31,0.15,0.0
23.18066667,-82.09816667,3.0,299.88,0.15,0.0
23.18258333,-82.05483333,10.0,300.21,0.44,0.0
23.18269444,-82.09816667,10.0,302.15,0.74,0.0
11.59572222,43.02294444,3.9,303.01,0.43,0.75
11.59580556,42.95719444,4.7,303.09,0.31,0.5
11.60772222,43.11152778,3.9,302.92,0.82,0.0
11.69725,43.14402778,6.8,302.78,0.13,0.0
11.7065,43.21894444,2.6,302.79,0.01,0.25
11.70711111,43.15372222,3.0,302.84,0.62,0.25
11.71413889,43.15005556,6.5,302.84,0.62,0.0
11.73783333,43.19872222,2.3,302.8,0.11,0.0
11.74466667,43.20730556,3.4,302.79,0.01,0.5
11.78058333,42.88394444,5.0,303.18,0.28,0.0
11.80622222,43.02130556,4.7,262.15,0.6075,0.0
12.44544444,43.45058333,7.4,301.93,0.35,0.0
12.45444444,43.44277778,10.0,302.68,0.6,0.0
12.45494444,43.43802778,6.0,301.93,0.35,0.75
12.45894444,43.41094444,5.9,301.69,0.17,0.5
12.46605556,43.38536111,6.7,301.69,0.17,1.75
12.46675556,43.43247222,5.0,302.66,0.71,0.0
15.23688889,-61.37011111,13.0,301.37,0.54,0.0
15.23916667,-61.37111111,8.0,301.37,0.54,0.0
15.23916667,-61.37111111,10.5,300.25,0.46,2.5
15.26944444,-61.37663889,10.0,301.78,1.57,0.0
15.26944444,-61.37663889,10.2,302.0,0.55,0.0
15.27227778,-61.37427778,8.5,300.51,0.16,0.0
15.27272222,-61.37538889,10.1,301.78,1.57,0.0
15.27272222,-61.37538889,10.1,302.0,0.55,0.0
15.27958333,-61.37241667,9.8,300.51,0.16,0.0
15.43861111,-61.44569444,9.5,262.15,0.445,2.0
15.43861111,-61.44569444,12.0,262.15,0.0225,0.5
15.4415,-61.45361111,9.5,299.43,0.36,4.0
15.58158333,-61.47569444,12.0,299.36,0.26,0.0
15.59080556,-61.47180556,9.8,299.36,0.26,0.0
17.81191667,-71.64166667,5.0,300.91,0.88,0.0
17.89447222,-71.66991667,12.0,301.18,0.32,0.0
17.93611111,-71.68872222,8.0,301.18,0.52,1.75
18.02513889,-71.7425,12.0,301.4,0.15,0.75
18.32833333,-68.81805556,12.0,301.93,1.24,20.0
18.32861111,-68.81816667,11.3,302.03,0.21,17.5
18.34266667,-68.83258333,10.0,301.67,0.43,0.25
18.34266667,-68.83258333,18.0,301.67,0.43,0.5
18.34266667,-68.83258333,11.5,300.62,1.21,0.0
18.34266667,-68.83258333,16.0,300.75,0.49,0.0
18.34347222,-68.84666667,16.0,300.68,0.98,0.0
18.34347222,-68.84666667,16.0,300.96,0.31,0.0
18.34347222,-68.84666667,17.0,300.96,0.41,6.5
18.36472222,-69.02416667,10.0,301.83,0.93,1.0
18.36911111,-68.85247222,12.0,300.68,0.98,0.0
18.36911111,-68.85247222,9.0,301.97,0.7,0.0
18.37386111,-69.00558333,5.0,262.15,0.9875,3.0
18.37386111,-69.00558333,6.0,262.15,0.42,67.5
18.42488889,-69.68252778,20.7,262.15,0.6075,0.125
18.43483333,-69.68522222,14.0,262.15,0.5,7.5
18.43655556,-69.68922222,12.0,262.15,0.77,0.0
18.43822222,-69.61327778,12.0,300.67,0.15,0.0
18.43886111,-69.68686111,12.0,262.15,0.4,0.0
18.43886111,-69.68686111,12.0,262.15,0.5475,5.0
18.43886111,-69.68686111,13.0,262.15,0.2325,6.25
18.43886111,-69.68686111,12.0,262.15,0.8025,1.25
18.43886111,-69.68686111,12.0,262.15,0.0275,1.25
18.44111111,-69.69405556,18.0,262.15,1.3675,0.0
18.44111111,-69.69166667,18.0,262.15,0.405,5.75
18.44416667,-69.60386111,2.0,299.34,0.29,0.0
18.44416667,-69.60386111,9.0,299.34,0.29,0.0
18.44541667,-69.68469444,12.0,262.15,0.1875,0.5
18.44622222,-69.69547222,11.0,262.15,0.1275,5.0
18.44786111,-69.68338889,12.0,262.15,0.4,0.0
18.44786111,-69.68338889,15.0,262.15,0.5475,2.25
18.44875,-69.68391667,10.7,262.15,0.5075,10.0
18.51388889,-68.35861111,6.0,300.98,0.4,0.0
18.51388889,-68.35861111,10.0,300.98,0.4,0.0
18.65730556,-68.3585,4.0,300.12,0.05,0.0
18.65855556,-68.34533333,12.0,301.08,0.9,0.0
18.987,-68.80497222,7.0,262.15,0.1775,0.0
18.987,-68.80497222,6.7,262.15,1.0375,0.0
18.98713889,-68.79766667,7.0,262.15,0.1775,0.0
18.99672222,-68.79488889,20.0,298.88,1.05,0.0
18.99827778,-68.84525,6.7,298.91,1.18,0.0
19.00033333,-69.03805556,3.3,299.13,0.72,10.0
19.00705556,-68.84044444,9.7,299.05,0.32,16.25
19.01877778,-68.89805556,9.7,299.06,0.06,6.25
19.02202778,-68.97991667,2.0,262.15,0.53,0.0
19.02425,-68.88886111,9.7,299.06,0.06,6.25
19.03236111,-68.92283333,2.0,262.15,0.15,0.0
19.04647222,-69.04575,3.3,299.65,1.0,10.0
19.05436111,-68.96155556,13.2,299.19,0.57,100.0
19.05908333,-69.08080556,2.0,299.12,0.9,2.5
19.19455556,-69.32886111,8.0,301.69,0.64,0.0
19.29722222,-69.15194444,1.5,299.37,0.74,0.0
19.29722222,-69.15194444,1.5,299.37,0.74,0.0
19.34,-69.49886111,10.0,301.66,1.22,60.0
19.34025,-69.48,6.0,301.65,1.44,40.0
19.38572222,-69.46163889,9.0,301.64,1.52,65.0
19.67,-69.93333333,6.0,298.85,0.25,0.0
19.77541667,-70.6425,4.5,262.15,1.0025,0.0
19.77541667,-70.6425,4.0,262.15,1.3675,0.0
19.77658333,-70.64783333,4.5,262.15,1.0025,0.0
19.78027778,-70.65052778,7.0,262.15,0.415,70.0
19.78027778,-70.65052778,5.5,262.15,1.0025,0.0
19.78027778,-70.65052778,4.0,262.15,1.3675,0.0
19.78027778,-70.65052778,5.0,262.15,0.825,0.0
19.84072222,-71.21288889,6.0,300.71,1.28,66.25
19.87608333,-71.33097222,5.0,300.78,0.89,5.0
-8.475972222,125.8836667,6.0,300.4,0.31,0.0
-8.475972222,125.8836667,12.0,300.4,0.31,0.0
-8.200444444,125.6301944,5.8,302.61,1.24,0.0
-8.200444444,125.6301944,12.0,302.61,1.24,0.0
-8.186305556,125.6381389,7.1,302.75,0.11,6.25
-8.186305556,125.6381389,13.0,302.75,0.11,0.0
-8.170305556,125.6444722,6.6,302.61,1.24,0.0
-8.170305556,125.6444722,12.4,302.61,1.24,0.0
-8.13675,125.6423056,7.0,302.56,0.84,1.25
-8.13675,125.6423056,14.0,302.56,0.84,0.0
24.75477778,35.06525,5.0,298.12,0.54,0.0
24.75477778,35.06525,11.0,298.12,0.54,0.0
24.75477778,35.06525,5.5,301.83,0.24,0.0
24.92722222,34.96472222,3.5,295.68,1.75,0.0
24.92722222,34.96472222,8.5,295.68,1.75,0.0
24.92722222,34.96472222,3.5,297.02,0.45,0.0
24.92722222,34.96472222,8.5,297.02,0.45,0.0
24.92861111,34.96347222,3.5,295.5,1.58,0.0
24.92861111,34.96347222,8.5,295.5,1.58,0.0
24.92861111,34.96347222,3.5,297.02,0.45,0.0
24.92861111,34.96347222,8.5,297.02,0.45,0.0
24.93586111,34.958,5.0,299.53,0.9,0.0
24.93586111,34.958,10.0,299.53,0.9,0.0
24.94172222,34.94833333,5.0,262.15,0.655,0.0
24.94172222,34.94833333,6.0,262.15,0.19,0.0
24.94333333,34.98333333,12.0,299.92,0.28,0.0
24.9435,34.98563889,3.5,301.23,0.62,0.0
24.9435,34.98563889,8.5,301.23,0.62,0.0
24.95311111,34.94277778,12.0,262.15,0.1325,0.0
24.96283333,34.94158333,5.0,262.15,0.795,0.0
24.96430556,34.93613889,8.0,262.15,0.84,0.0
24.96430556,34.93613889,5.0,262.15,1.1075,0.0
24.96430556,34.93613889,9.0,262.15,1.1075,0.0
24.96430556,34.93613889,5.0,262.15,0.795,0.0
24.96538889,34.936,5.0,262.15,0.55,0.0
24.96611111,34.93561111,1.0,262.15,1.4475,8.75
24.96944444,34.94205556,5.0,262.15,1.1225,0.0
24.96944444,34.94205556,5.0,262.15,1.3125,0.0
24.96944444,34.94205556,5.0,262.15,1.2175,0.0
24.96944444,34.94205556,5.0,262.15,1.1075,0.0
24.96944444,34.94205556,5.0,262.15,0.55,0.0
24.96944444,34.94205556,5.0,262.15,1.065,0.0
24.96944444,34.94205556,5.0,262.15,1.065,8.75
24.97694444,34.94594444,6.0,262.15,0.11,0.0
24.97694444,34.94594444,14.0,262.15,0.11,0.0
24.97694444,34.94594444,5.0,262.15,1.085,0.0
24.98336111,34.94891667,12.0,262.15,0.1325,0.0
24.98536111,34.99616667,12.0,299.84,0.04,0.0
25.01361111,35.92666667,12.0,300.18,1.07,2.5
25.01386111,34.92677778,6.0,299.73,0.13,0.0
25.01386111,34.92677778,12.0,299.73,0.13,0.0
25.01386111,34.92677778,5.0,300.1,1.08,10.5
25.01386111,34.92677778,10.0,300.1,1.08,10.75
25.01386111,34.92677778,8.0,299.04,0.44,0.0
25.15633333,34.85327778,6.0,262.15,0.2675,0.0
25.15633333,34.85327778,5.0,262.15,1.0525,0.0
25.15633333,34.85327778,10.0,262.15,1.0525,7.25
25.15763889,34.85533333,3.5,262.15,1.635,0.0
25.15763889,34.85533333,8.5,262.15,1.635,0.0
25.15763889,34.85533333,3.5,262.15,0.0525,0.0
25.15763889,34.85533333,8.5,262.15,0.0525,0.0
25.17408333,34.84213889,5.0,299.52,0.35,0.0
25.17408333,34.84213889,11.0,299.52,0.35,0.0
25.20833333,34.81291667,3.5,295.5,1.76,0.0
25.20833333,34.81291667,8.5,295.5,1.76,0.0
25.20833333,34.81291667,3.5,295.5,0.03,0.0
25.20833333,34.81291667,8.5,295.5,0.03,0.0
25.23725,34.80013889,3.5,301.37,0.49,0.0
25.23725,34.80013889,8.5,301.37,0.49,0.0
25.24397222,34.79861111,3.5,295.95,0.01,0.0
25.24397222,34.79861111,8.0,295.95,0.01,0.0
25.24397222,34.79861111,3.5,297.07,0.27,0.0
25.24397222,34.79861111,8.5,297.07,0.27,0.0
25.24397222,34.79861111,3.5,295.67,0.63,0.0
25.24397222,34.79861111,3.5,301.58,0.36,0.0
25.24397222,34.79861111,8.5,301.58,0.36,0.0
25.24397222,34.79861111,3.5,301.37,0.49,0.0
25.24397222,34.79861111,8.5,301.37,0.49,0.0
25.24569444,34.79827778,5.0,301.73,0.02,0.0
25.24569444,34.79827778,10.0,301.73,0.02,0.0
25.2465,34.798,3.5,295.65,0.84,0.0
25.2465,34.798,7.5,295.65,0.84,0.0
25.2465,34.798,3.5,297.08,0.28,0.0
25.2465,34.798,8.5,297.08,0.28,0.0
25.2465,34.798,3.5,301.57,0.44,0.0
25.2465,34.798,8.5,301.57,0.44,0.0
25.2465,34.798,3.5,301.36,0.34,0.0
25.2465,34.798,8.5,301.36,0.34,0.0
25.30541667,34.86236111,5.0,295.5,1.9,0.0
25.30541667,34.86236111,8.5,295.5,1.9,0.0
25.33422222,34.74458333,3.0,262.15,0.0725,0.0
25.33422222,34.74458333,8.5,262.15,0.3075,0.0
25.33422222,34.74458333,3.5,262.15,0.2025,0.0
25.33422222,34.74458333,8.5,262.15,0.2025,0.0
25.33422222,34.74458333,3.5,262.15,0.32,0.0
25.33422222,34.74458333,8.5,262.15,0.32,0.0
25.33422222,34.74458333,3.5,262.15,0.46,0.0
25.33422222,34.74458333,8.5,262.15,0.46,0.0
25.34444444,34.73722222,5.0,262.15,0.7725,0.0
25.34444444,34.73722222,11.0,262.15,0.7725,0.0
25.39180556,34.70238889,6.0,262.15,1.09,0.0
25.87072222,34.42372222,5.0,301.25,0.64,0.0
25.87072222,34.42372222,10.0,301.25,0.64,0.0
26.15625,34.24658333,5.0,296.12,0.4,1.5
26.15625,34.24658333,10.0,296.12,0.4,1.25
26.15727778,34.24608333,5.0,295.87,0.65,0.0
26.15727778,34.24608333,10.0,295.87,0.65,0.0
26.15747222,34.24891667,5.0,297.11,0.35,0.0
26.15747222,34.24891667,11.0,297.11,0.35,0.0
26.50861111,34.07261111,5.0,262.15,0.825,0.0
26.50861111,34.07261111,10.0,262.15,0.825,0.0
26.51036111,34.07194444,5.0,262.15,0.825,0.0
26.51036111,34.07194444,10.0,262.15,0.825,0.0
26.75063889,34.08847222,10.0,296.6,0.23,0.0
26.80866667,33.99572222,10.0,296.58,0.05,0.0
26.84311111,34.00319444,5.0,300.81,0.07,0.0
26.84311111,34.00319444,10.0,300.81,0.07,0.0
27.01233333,33.92386111,10.0,301.08,0.99,0.0
27.13933333,33.95461111,5.0,300.71,0.17,0.0
27.13933333,33.95461111,10.0,300.71,0.17,0.0
27.29475,33.83072222,11.0,296.17,2.32,0.5
27.29583333,33.83166667,11.0,295.06,1.02,0.0
27.79394444,34.26116667,10.0,299.78,0.15,0.0
27.84808333,34.30094444,10.0,300.28,0.8,0.0
27.91497222,34.35977778,10.0,262.15,0.223333333,0.0
27.96344444,34.41591667,10.0,299.57,0.51,0.0
27.96388889,34.41411111,5.0,300.66,0.15,0.0
27.96388889,34.41411111,10.0,300.66,0.15,0.0
27.97186111,34.42605556,10.0,300.21,0.26,0.0
27.98444444,34.45213889,10.0,299.26,0.2,0.0
28.00594444,34.47227778,10.0,299.83,1.2,0.0
28.00597222,34.47369444,10.0,299.26,0.28,0.0
28.00597222,34.47369444,5.0,299.26,0.22,0.0
28.00597222,34.47369444,10.0,299.26,0.22,0.0
28.35319444,34.43513889,10.0,298.68,0.86,0.0
28.35319444,34.43513889,10.0,295.86,0.88,0.0
28.35352778,34.43322222,5.0,296.44,1.27,0.0
28.35352778,34.43322222,5.0,296.11,0.03,0.0
28.35352778,34.43322222,10.0,296.11,0.03,0.0
28.35352778,34.43322222,10.0,299.97,1.88,0.0
28.35352778,34.43322222,9.5,299.99,1.22,1.0
28.37441667,34.44611111,10.0,262.15,1.995,0.0
28.37441667,34.44611111,5.0,262.15,1.0325,0.0
28.37441667,34.44611111,10.0,262.15,1.47,0.0
28.37441667,34.44611111,5.0,262.15,0.385,0.0
28.37441667,34.44611111,10.0,262.15,2.155,0.0
28.37441667,34.44611111,5.0,262.15,2.345,0.0
28.37441667,34.44611111,5.0,262.15,0.955,0.0
28.42077778,34.45736111,10.0,299.9,0.9,0.75
28.42077778,34.45736111,5.0,295.42,0.16,0.25
28.42077778,34.45736111,10.0,295.42,0.16,0.0
28.42708333,34.45611111,10.0,299.26,1.04,0.0
28.42708333,34.45611111,10.0,299.61,1.59,0.0
28.42708333,34.45611111,5.0,298.81,0.23,0.0
28.42708333,34.45611111,10.0,299.45,2.15,0.0
28.42708333,34.45611111,5.0,298.81,0.6,0.0
28.42708333,34.45611111,10.0,298.81,0.25,0.0
28.42708333,34.45611111,5.0,298.81,0.25,0.0
28.43516667,34.45561111,6.0,296.03,0.12,0.0
28.43586111,34.43355556,11.0,262.15,1.195,0.0
28.43586111,34.43355556,4.0,262.15,0.785,0.5
28.43586111,34.43355556,9.3,262.15,1.055,1.0
28.43702778,34.45933333,5.0,299.61,1.59,0.0
28.43702778,34.45933333,10.0,299.61,1.59,0.0
28.43702778,34.45933333,10.0,299.45,2.15,0.0
28.43702778,34.45933333,5.0,299.26,1.6,0.0
28.43702778,34.45933333,6.0,294.59,0.69,0.0
28.43702778,34.45933333,10.0,294.59,0.69,0.0
28.43702778,34.45933333,10.0,297.15,0.08,0.0
28.43702778,34.45933333,5.0,298.81,0.25,0.0
28.43702778,34.45933333,10.0,298.81,0.25,0.0
28.43702778,34.45933333,5.0,298.31,0.69,0.0
28.43702778,34.45933333,10.0,298.31,0.69,0.0
28.43702778,34.45933333,5.0,295.42,0.74,0.0
28.43702778,34.45933333,10.0,295.42,0.74,0.0
28.43702778,34.45933333,5.0,298.57,0.36,0.0
28.43702778,34.45933333,10.0,298.57,0.36,0.0
28.43702778,34.45933333,5.0,295.73,1.11,0.0
28.43702778,34.45933333,10.0,295.73,1.11,0.0
28.43702778,34.45933333,10.0,294.59,0.63,0.0
28.43702778,34.45933333,5.0,294.49,0.29,0.0
28.43702778,34.45933333,10.0,295.73,0.61,0.0
28.43788889,34.45922222,4.0,297.15,0.86,0.0
28.43788889,34.45922222,11.0,297.52,0.61,0.0
28.43788889,34.45922222,10.0,299.9,0.51,0.0
28.43788889,34.45922222,10.0,299.74,0.39,0.0
28.43788889,34.45922222,15.0,299.74,0.39,0.0
28.44094444,34.46511111,10.0,296.35,1.43,0.0
28.48333333,34.51666667,3.0,296.3,1.23,0.25
28.48333333,34.51666667,8.0,296.3,1.23,0.5
28.49311111,34.517,5.0,299.46,1.82,0.0
28.49852778,34.51977778,10.0,298.99,0.15,0.0
28.49852778,34.51977778,5.0,298.51,0.31,0.0
28.49852778,34.51977778,10.0,299.38,1.95,0.0
28.49852778,34.51977778,5.0,298.76,0.56,0.0
28.49852778,34.51977778,10.0,298.99,0.21,0.0
28.49852778,34.51977778,5.0,298.25,0.71,0.0
28.49852778,34.51977778,5.0,294.48,0.65,0.0
28.49852778,34.51977778,10.0,294.38,0.07,0.0
28.49852778,34.51977778,5.0,296.63,0.52,0.0
28.49852778,34.51977778,10.0,298.76,0.42,0.0
28.49883333,34.52047222,8.5,299.75,0.81,0.0
28.49883333,34.52047222,8.3,299.8,0.92,1.0
28.49944444,34.52147222,4.0,298.42,0.77,0.0
28.49944444,34.52147222,11.0,298.42,0.77,0.0
28.50511111,34.52022222,5.0,295.95,0.06,0.0
28.54225,34.51627778,10.0,262.15,1.255,0.0
28.54225,34.51627778,5.0,262.15,0.6575,0.0
28.54225,34.51627778,10.0,262.15,0.6575,0.0
28.54225,34.51627778,10.0,262.15,0.365,0.0
28.54225,34.51627778,10.0,262.15,0.22,0.0
28.54225,34.51627778,5.0,262.15,0.3875,0.0
28.54225,34.51627778,10.0,262.15,0.7525,0.0
28.54225,34.51627778,5.0,262.15,0.5325,0.0
28.54225,34.51627778,5.0,262.15,0.1925,0.0
28.54225,34.51627778,10.0,262.15,0.1925,0.0
28.54225,34.51627778,5.0,262.15,0.7075,0.0
28.54225,34.51627778,10.0,262.15,0.7075,0.0
28.54225,34.51627778,10.0,262.15,0.5675,0.0
28.54225,34.51627778,5.0,262.15,1.19,0.0
28.55211111,34.51861111,10.0,262.15,1.81,0.0
28.55211111,34.51877778,10.0,262.15,2.4575,0.0
28.55280556,34.51888889,5.0,262.15,1.825,0.0
28.55280556,34.51888889,5.0,262.15,1.25,0.0
28.55280556,34.51888889,10.5,262.15,1.25,0.0
28.55280556,34.51888889,10.0,262.15,0.87,0.0
28.55288889,34.51927778,10.0,262.15,1.19,0.0
28.55430556,34.52030556,5.5,262.15,2.4575,0.0
28.55430556,34.52030556,8.0,262.15,0.935,0.0
28.55430556,34.52030556,10.0,262.15,1.935,0.0
28.55430556,34.52030556,10.0,262.15,0.265,0.0
28.55430556,34.52030556,10.0,262.15,0.6275,0.0
28.55430556,34.52030556,10.0,262.15,0.62,0.0
28.55430556,34.52030556,10.0,262.15,0.0675,2.75
28.55483333,34.521,10.0,262.15,1.935,0.0
28.55483333,34.521,10.0,262.15,0.315,0.0
28.55483333,34.521,5.0,262.15,0.365,0.0
28.55483333,34.521,10.0,262.15,1.3325,0.0
28.55483333,34.521,10.0,262.15,0.265,0.0
28.55638889,34.52161111,10.0,262.15,1.2275,0.0
28.55638889,34.52161111,10.0,262.15,1.81,0.0
28.55747222,34.52388889,6.5,262.15,1.25,0.0
28.55747222,34.52388889,10.4,262.15,1.25,0.0
28.55747222,34.52388889,6.0,262.15,0.9925,1.0
28.55747222,34.52388889,9.5,262.15,0.9925,1.0
28.55747222,34.52388889,10.0,262.15,1.2275,0.0
28.55747222,34.52388889,5.0,262.15,0.365,0.0
28.55747222,34.52388889,10.0,262.15,1.91,0.0
28.55747222,34.52388889,5.0,262.15,1.3325,0.0
28.55747222,34.52388889,5.0,262.15,0.9125,0.0
28.55747222,34.52388889,10.0,262.15,0.9125,0.0
28.55747222,34.52388889,5.0,262.15,0.3125,0.0
28.55747222,34.52388889,10.0,262.15,0.3125,0.0
28.55747222,34.52388889,10.0,262.15,0.22,0.0
28.55747222,34.52388889,5.0,262.15,0.3875,0.0
28.55747222,34.52388889,5.0,262.15,0.7475,0.0
28.55747222,34.52388889,10.0,262.15,0.7475,0.0
28.55747222,34.52388889,5.0,262.15,0.7525,0.0
28.55747222,34.52388889,10.0,262.15,0.7525,0.0
28.55747222,34.52388889,5.0,262.15,0.9475,0.0
28.55747222,34.52388889,10.0,262.15,0.9475,0.0
28.55747222,34.52388889,5.0,262.15,0.5675,0.0
28.55747222,34.52388889,10.0,262.15,0.5675,0.0
28.55747222,34.52388889,5.0,262.15,0.6125,0.0
28.55747222,34.52388889,10.0,262.15,0.6125,0.0
28.55747222,34.52388889,5.0,262.15,0.645,0.0
28.55747222,34.52388889,10.0,262.15,0.645,0.0
28.57272222,34.53686111,5.0,262.15,1.935,0.0
28.57272222,34.53686111,10.0,262.15,1.935,0.0
28.57272222,34.53686111,5.0,262.15,0.315,0.0
28.57272222,34.53686111,10.0,262.15,0.315,0.0
28.57272222,34.53686111,5.0,262.15,1.9475,0.0
28.57272222,34.53686111,10.0,262.15,1.9475,0.0
28.57272222,34.53686111,5.0,262.15,0.9125,0.0
28.57272222,34.53686111,10.0,262.15,0.9125,0.0
28.57272222,34.53686111,5.0,262.15,0.3125,0.0
28.57272222,34.53686111,10.0,262.15,0.3125,0.0
28.57272222,34.53686111,5.0,262.15,0.5,0.0
28.57272222,34.53686111,10.0,262.15,0.5,0.0
28.57302778,34.53808333,5.0,298.16,0.34,0.0
28.57302778,34.53808333,10.0,298.16,0.34,0.0
28.57302778,34.53808333,5.0,295.5,0.58,0.0
28.57302778,34.53808333,10.0,295.82,0.03,0.0
28.57302778,34.53808333,5.0,297.89,0.17,0.0
28.57302778,34.53808333,10.0,297.89,0.17,0.0
28.57302778,34.53808333,5.0,295.5,1.06,0.0
28.57302778,34.53808333,10.0,295.5,1.06,0.0
28.57302778,34.53808333,10.0,296.17,0.75,0.0
28.61483333,34.55988889,5.0,296.05,1.46,0.0
28.61483333,34.55988889,10.0,296.05,1.46,0.0
28.61483333,34.55988889,5.0,295.74,0.32,0.0
28.61483333,34.55988889,10.0,295.74,0.32,0.0
28.92002778,34.86525,5.0,262.15,1.46,0.0
28.92002778,34.86525,10.0,262.15,1.46,0.0
28.92002778,34.86525,10.0,262.15,0.113333333,0.0
28.92002778,34.86525,10.0,262.15,1.886666667,0.0
28.92002778,34.86525,10.0,262.15,1.886666667,0.0
28.92002778,34.86525,10.0,262.15,0.91,0.0
28.92002778,34.86525,5.0,262.15,0.91,0.0
28.92002778,34.86525,10.0,262.15,0.553333333,0.0
28.92002778,34.86525,5.0,262.15,0.553333333,0.0
28.92002778,34.86525,10.0,262.15,0.553333333,0.0
28.92002778,34.86525,10.0,262.15,0.933333333,0.0
28.92002778,34.86525,5.0,262.15,0.66,0.0
28.92002778,34.86525,10.0,262.15,0.66,0.0
28.92002778,34.86525,5.0,262.15,0.62,0.0
28.92002778,34.86525,10.0,262.15,0.62,0.0
28.92002778,34.86525,5.0,262.15,0.136666667,0.0
28.92002778,34.86525,10.0,262.15,0.136666667,0.0
28.92002778,34.86525,5.0,262.15,0.05,0.0
28.92002778,34.86525,10.0,262.15,0.05,0.0
28.92002778,34.86525,10.0,262.15,0.403333333,0.0
28.92002778,34.86525,5.0,262.15,0.45,0.0
5.257527778,162.9972222,10.0,302.56,0.82,0.0
5.257527778,162.9972222,10.0,302.41,0.73,0.0
5.257527778,163.0138889,10.0,302.56,0.96,0.0
5.265222222,162.9805278,10.0,301.83,1.21,0.0
5.265222222,162.9805278,10.0,302.25,0.19,0.0
5.265361111,162.9971389,10.0,302.49,0.53,0.0
5.265361111,162.9971389,10.0,301.78,0.7,0.0
5.266416667,162.9351944,10.0,302.55,0.24,0.0
5.268777778,162.9032222,10.0,302.53,0.48,0.25
5.268777778,162.9032222,10.0,302.53,0.48,0.0
5.268777778,162.9032222,10.0,301.56,0.5,0.0
5.283222222,162.9349444,10.0,302.63,0.46,0.0
5.285611111,162.02925,10.0,302.54,0.96,0.0
5.285611111,162.02925,10.0,302.07,0.44,0.0
5.285611111,162.02925,10.0,302.34,0.86,0.0
5.285611111,162.02925,10.0,302.04,0.23,0.0
5.295777778,162.8978889,10.0,262.15,0.088333333,0.0
5.295777778,162.8978889,10.0,262.15,0.611666667,0.0
5.311111111,162.9003611,10.0,262.15,0.093333333,0.0
5.311361111,163.0376389,10.0,302.49,0.57,0.0
5.311361111,163.0376389,10.0,302.43,0.3,0.0
5.311361111,163.0376389,10.0,302.35,0.55,0.0
5.314777778,163.03775,10.0,302.49,0.19,0.0
5.319972222,162.9233611,10.0,262.15,0.088333333,0.0
5.319972222,162.9233611,10.0,262.15,1.425,0.0
5.331972222,163.0389444,10.0,302.5,0.62,6.25
5.339166667,163.0343056,10.0,302.59,0.38,0.0
5.339166667,163.0343056,10.0,302.54,0.62,0.0
5.339166667,163.0343056,10.0,302.4,0.73,0.0
5.344972222,162.9503611,10.0,262.15,0.1775,0.0
5.344972222,162.9503611,10.0,262.15,0.5325,0.0
5.35325,162.9471389,10.0,262.15,0.5325,0.0
5.36525,163.0258889,10.0,302.54,0.05,50.0
5.36525,163.0258889,10.0,302.59,0.38,0.0
5.36525,163.0258889,10.0,302.54,0.62,0.0
5.36525,163.0258889,10.0,302.48,0.77,0.0
5.369555556,162.9783889,10.0,262.15,0.3425,0.0
5.369555556,162.9783889,10.0,262.15,0.22,0.0
5.375138889,163.0100278,10.0,302.5,0.64,0.0
5.375194444,162.0088056,10.0,302.63,0.15,0.0
5.375194444,162.0098611,10.0,302.59,0.23,0.0
7.36,151.92,3.0,302.38,1.18,0.0
7.95,151.95,3.0,302.29,0.34,0.0
-19.06405556,178.3357778,12.0,300.49,0.34,0.0
-19.06077778,178.3384722,11.0,300.03,1.11,0.0
-19.06077778,178.3384722,11.0,297.71,0.29,0.0
-19.04241667,178.4500556,10.0,300.35,0.77,1.0
-19.04241667,178.4500556,10.0,299.88,1.49,1.5
-19.03833333,178.4569444,5.0,297.74,0.34,1.0
-18.40897222,178.091,2.0,300.62,1.25,10.0
-18.40783333,178.0895,1.0,298.13,0.5,0.0
-18.40783333,178.0895,1.0,298.13,0.5,0.25
-18.20816667,177.6849444,15.0,300.23,1.06,0.0
-18.20816667,177.6849444,15.0,300.9,1.42,0.0
-18.19166667,177.6015,7.0,300.45,1.2,0.0
-18.19166667,177.6015,15.0,300.45,1.2,0.0
-18.19166667,177.6015,11.0,300.96,1.41,0.0
-18.1845,178.4753333,1.0,298.18,0.43,0.0
-18.18016667,177.5968333,8.0,300.45,1.2,0.0
-18.18016667,177.5968333,15.0,300.45,1.2,0.0
-18.18016667,177.5968333,14.0,300.96,1.41,0.0
-18.16683333,178.3873333,5.0,298.38,0.76,0.0
-18.15966667,178.3996667,3.0,262.15,0.884,2.5
-18.15966667,178.3996667,10.0,262.15,0.884,3.75
-18.15966667,178.3996667,5.0,262.15,0.894,25.0
-18.15966667,178.3996667,10.0,262.15,0.894,80.0
-18.15966667,178.3996667,6.0,262.15,1.262,0.0
-18.15966667,178.3996667,10.0,262.15,1.262,0.0
-18.15966667,178.3996667,6.0,262.15,0.622,0.0
-18.15966667,178.3996667,10.0,262.15,0.622,0.0
-18.144,178.3663333,1.0,298.18,0.32,0.25
-18.14383333,178.3666667,7.5,298.18,0.32,0.0
-17.84972222,177.1763889,13.0,300.8,0.38,0.0
-17.84694444,177.175,13.0,299.65,0.09,0.0
-17.83783333,177.1756667,12.0,298.87,0.23,0.0
-17.826,177.1736667,10.4,300.65,0.02,10.0
-17.73972222,177.1375,3.0,299.04,0.3,0.0
-17.73861111,177.1375,3.0,299.61,0.22,0.0
-17.73777778,177.1402778,4.0,299.04,0.3,0.0
-17.7375,177.1352778,14.0,300.97,0.28,0.25
-17.73444444,177.1811111,4.0,299.03,0.04,0.0
-17.73388889,177.1636111,7.0,299.03,0.04,0.0
-17.73388889,177.1636111,4.0,301.38,0.48,0.0
-17.73333333,177.1505556,3.0,301.38,0.48,0.0
-17.71722222,177.1491667,8.8,301.02,0.21,2.5
-17.70644444,177.2235833,9.0,302.08,0.26,8.75
-17.67316667,-179.33575,17.5,298.49,0.19,0.0
-17.67161111,177.0860556,10.0,299.0,0.18,0.0
-17.65686111,177.1081667,8.0,301.47,0.36,0.0
-17.65686111,177.1081667,15.0,301.47,0.36,0.0
-17.65677778,177.10825,3.5,301.47,0.36,0.0
-17.65677778,177.10825,10.5,301.47,0.36,0.0
-17.61683333,177.2255,4.0,302.27,0.43,1.25
-17.58383333,177.0905,3.0,301.93,0.81,0.25
-17.58316667,177.3368333,3.0,300.46,0.99,0.0
-17.56894444,177.3017778,10.0,300.93,0.27,10.0
-17.56325,177.3084167,10.0,301.48,1.46,10.0
-17.56325,177.3084167,10.0,302.13,1.99,1.0
-17.539,177.3533333,3.0,300.39,1.07,1.25
-17.29266667,178.2161667,1.5,298.27,0.75,1.0
-17.28044444,178.4596389,6.0,300.01,1.12,5.0
-17.27819444,178.4605833,12.0,300.01,1.12,0.0
-17.26663889,-179.4871944,5.0,301.65,0.5,0.0
-17.26402778,-179.4948889,10.0,301.65,0.5,0.0
-17.213,179.0326944,6.0,301.35,0.0,0.0
-17.13638889,178.5249167,16.0,300.22,2.05,0.0
-17.13638889,178.5249167,17.0,301.22,0.52,0.0
-17.13447222,178.5203889,5.0,300.33,1.91,0.0
-17.13447222,178.5203889,4.0,301.21,0.67,0.0
-17.11036111,179.0625556,5.0,300.19,1.66,0.0
-17.11027778,179.0614722,4.0,299.87,1.26,5.0
-16.96097222,177.3151944,4.5,298.73,0.19,0.0
-16.95369444,177.3199722,10.0,299.59,1.03,0.0
-16.95369444,177.3199722,10.0,299.17,1.45,5.0
-16.918,177.3576667,6.5,298.73,0.07,0.0
-16.91405556,177.3854167,5.5,299.84,0.16,0.0
-16.91405556,177.3854167,3.0,301.18,0.81,1.0
-16.87572222,177.3872778,5.0,299.47,0.6,0.0
-16.87572222,177.3872778,5.0,299.2,1.51,0.5
-16.84086111,178.2980833,5.0,299.48,0.97,0.0
-16.84086111,178.2980833,10.0,299.48,0.97,0.0
-16.84086111,178.2980833,5.0,301.34,0.02,0.0
-16.84086111,178.2980833,10.0,301.34,0.02,0.0
-16.83911111,178.2738889,5.0,301.38,0.77,0.0
-16.83911111,178.2738889,10.0,301.38,0.77,0.0
-16.83911111,178.2738889,5.0,299.09,0.86,0.0
-16.83911111,178.2738889,10.0,299.09,0.86,0.0
-16.83508333,178.3277778,5.0,301.87,0.07,0.0
-16.83508333,178.3277778,10.0,301.87,0.07,0.0
-16.82913889,178.274,5.0,262.15,0.06125,0.0
-16.82913889,178.274,10.0,262.15,0.06125,0.0
-16.81525,179.2417778,6.7,300.19,1.4,6.25
-16.81525,179.2417778,20.0,300.19,1.4,6.25
-16.81525,179.2417778,13.3,300.5,0.71,0.0
-16.81525,179.2417778,5.0,300.28,1.5,0.0
-16.81525,179.2417778,6.0,301.97,0.09,1.5
-16.81525,179.2417778,8.3,298.6,1.14,0.0
-16.81486111,179.2419722,6.0,301.57,1.23,0.0
-16.81486111,179.2419722,10.0,299.01,0.37,43.75
-16.81486111,179.2419722,16.7,299.01,0.37,6.25
-16.81486111,179.2419722,10.0,298.72,0.65,0.0
-16.81486111,179.2419722,17.7,298.72,0.65,0.0
-16.81486111,179.2419722,9.0,298.4,1.03,0.0
-16.81486111,179.2419722,17.0,298.85,2.31,0.0
-16.81486111,179.2419722,10.0,301.7,0.7,0.0
-16.81455556,-179.8593611,10.0,301.41,0.32,5.0
-16.81233333,179.2868333,5.0,299.86,0.01,0.0
-16.81233333,179.2868333,5.0,301.96,0.71,0.0
-16.81233333,179.2868333,3.3,301.02,1.0,0.0
-16.81233333,179.2868333,2.7,299.8,0.32,0.0
-16.81233333,179.2868333,3.0,299.2,0.57,0.0
-16.81233333,179.2868333,5.0,298.56,1.06,0.0
-16.81233333,179.2868333,13.0,298.47,0.5,0.0
-16.81233333,179.2868333,5.0,299.23,1.05,0.0
-16.81216667,179.2868333,4.0,298.83,0.3,0.0
-16.81216667,179.2868333,4.0,301.56,0.12,11.25
-16.80011667,178.3248889,5.0,299.16,0.08,0.0
-16.80011667,178.3248889,10.0,299.16,0.08,0.0
-16.79866667,179.9013333,11.0,301.94,0.0,0.0
-16.79866667,179.9013333,12.0,301.92,0.33,0.0
-16.79866667,179.9013333,10.0,301.74,0.14,0.25
-16.79658333,178.3086111,5.0,262.15,0.57625,0.0
-16.79658333,178.3086111,10.0,262.15,0.57625,0.0
-16.79402778,178.2938889,5.0,262.15,0.75125,0.0
-16.79402778,178.2938889,10.0,262.15,0.75125,0.0
-16.7745,179.1996667,21.7,300.12,0.1,18.75
-16.7745,179.1996667,18.0,298.65,1.03,0.0
-16.76433333,179.9438333,10.0,301.91,0.16,1.0
-16.76416667,179.9453333,11.0,301.92,0.07,0.0
-16.7625,179.9441667,10.0,301.92,0.07,0.0
-16.69666667,-178.595,5.0,301.5,0.47,0.0
-16.46952778,178.7515278,5.0,302.11,0.81,0.0
-16.39097222,179.168,11.0,302.18,1.08,0.25
-16.37513889,179.1536111,6.0,302.18,1.08,0.0
-16.37513889,179.1536111,10.0,302.18,1.08,0.0
-16.35655556,179.3300556,9.0,302.07,0.41,0.0
-16.32436111,179.2976667,5.0,301.97,0.55,0.0
-16.32088889,179.2815556,5.5,301.97,0.55,0.0
-16.31538889,179.2787222,12.0,301.97,0.55,0.0
-16.23011111,179.1046111,5.0,302.02,0.96,0.25
-16.21522222,179.5506667,5.0,301.95,1.49,0.0
-16.213,179.0326944,10.0,301.97,1.0,0.25
-16.17452778,179.4992222,3.0,301.83,0.88,0.0
-16.16322222,179.754,12.0,301.82,0.95,0.0
-16.15483333,179.7680278,3.0,301.76,1.13,0.0
-21.26919444,55.333,6.0,301.06,0.07,0.0
-21.26919444,55.333,1.0,301.06,0.0,0.0
-21.26919444,55.333,1.0,301.06,0.0,0.0
-21.26919444,55.333,1.0,300.12,0.68,0.0
-21.26438889,55.32766667,6.0,299.26,0.13,0.0
-21.26438889,55.32766667,6.0,300.66,0.31,0.0
-21.26438889,55.32766667,6.0,299.08,0.33,0.0
-21.26438889,55.32766667,6.0,300.86,1.48,0.0
-21.26438889,55.32766667,7.0,301.01,0.11,0.0
-21.26438889,55.32766667,7.0,301.06,0.0,0.0
-21.26438889,55.32766667,7.0,300.12,0.68,0.0
-21.25922222,55.33458333,6.0,299.08,0.33,0.0
-21.18313889,55.28619444,1.5,262.15,1.015,0.0
-21.18025,55.28594444,1.5,262.15,1.015,5.0
-21.1755,55.28346111,1.0,301.12,0.67,0.0
-21.17105556,55.28311111,1.0,297.55,0.23,0.0
-21.17105556,55.28311111,8.0,300.62,0.46,0.0
-21.17105556,55.28563889,1.0,262.15,0.2475,0.0
-21.17105556,55.28563889,9.0,262.15,1.7,0.0
-21.17105556,55.28563889,1.0,262.15,1.7,0.0
-21.17105556,55.28563889,1.0,262.15,1.075,0.0
-21.17105556,55.28563889,8.5,262.15,0.8325,0.0
-21.17105556,55.28563889,1.0,262.15,0.8325,0.0
-21.17105556,55.28563889,8.0,262.15,0.625,0.0
-21.16594444,55.28194444,6.0,300.62,0.46,0.0
-21.16405556,55.28475,5.0,300.42,0.72,0.0
-21.16405556,55.28475,5.0,300.22,0.14,0.0
-21.16405556,55.28475,6.0,296.55,0.39,0.0
-21.16405556,55.28475,6.0,301.03,0.17,0.0
-21.16405556,55.28475,6.0,301.11,0.74,0.0
-21.16405556,55.28475,6.0,300.79,1.1,0.0
-21.16405556,55.28475,6.0,300.93,0.99,0.0
-21.16405556,55.28475,3.0,301.16,0.3,0.0
-21.16405556,55.28475,5.5,300.22,0.73,1.25
-21.11016667,55.24752778,10.0,262.15,0.093333333,0.0
-21.11016667,55.24752778,8.0,262.15,0.36,0.0
-21.11016667,55.24752778,8.0,262.15,0.68,0.0
-21.10758333,55.24966667,1.0,262.15,0.726666667,0.0
-21.10758333,55.24966667,1.0,262.15,1.28,0.0
-21.10758333,55.24966667,1.0,262.15,0.68,0.0
-21.10616667,55.23952778,14.0,301.2,0.46,0.0
-21.10575,55.23916667,7.0,301.2,0.46,0.0
-21.10575,55.23916667,7.0,299.36,0.82,0.0
-21.10575,55.23916667,8.0,300.64,0.35,0.0
-21.10575,55.23916667,9.0,300.21,0.49,0.0
-21.10330556,55.24230556,1.0,301.2,0.46,0.0
-21.10280556,55.24280556,1.0,298.38,0.9,0.0
-21.10280556,55.24280556,1.0,301.2,0.46,0.0
-21.10280556,55.24280556,1.0,296.45,0.7,0.0
-21.10280556,55.24280556,1.0,299.36,1.31,0.0
-21.10280556,55.24280556,1.0,300.21,0.49,0.0
-21.09983333,55.23138889,7.0,298.77,0.38,0.0
-21.09983333,55.23138889,7.0,301.2,0.46,0.0
-21.09983333,55.23138889,10.0,299.36,0.82,0.0
-21.09983333,55.23138889,8.0,300.64,0.35,0.0
-21.09983333,55.23138889,9.0,300.44,0.82,0.0
-21.09680556,55.23569444,1.0,299.78,0.37,0.0
-21.09680556,55.23569444,1.0,301.2,0.46,0.0
-21.09680556,55.23569444,1.0,296.89,0.05,0.0
-21.09680556,55.23569444,1.0,299.36,1.31,0.0
-21.09680556,55.23569444,1.0,299.92,0.09,0.0
-21.08544444,55.22058333,7.0,297.56,0.17,0.0
-21.08544444,55.22058333,9.0,297.34,0.07,0.0
-21.08544444,55.22058333,6.0,298.95,0.57,0.0
-21.08544444,55.22058333,7.0,299.07,0.52,0.0
-21.08544444,55.22058333,7.0,301.15,0.01,0.0
-21.08544444,55.22058333,7.0,297.31,0.56,0.0
-21.08544444,55.22058333,8.0,300.64,0.35,0.0
-21.08544444,55.22058333,10.0,300.44,0.82,0.0
-21.08427778,55.22480556,1.0,298.38,0.58,0.0
-21.08427778,55.22480556,1.0,300.21,1.16,0.0
-21.08427778,55.22480556,1.0,297.82,0.8,0.0
-21.08427778,55.22480556,1.0,297.31,0.56,0.0
-21.08427778,55.22480556,1.0,299.36,1.31,0.0
-21.08427778,55.22480556,1.0,299.92,0.09,0.0
-21.07322222,55.21936111,1.0,262.15,0.932,0.0
-21.07322222,55.21936111,1.0,262.15,1.046,0.0
-21.07322222,55.21936111,1.0,262.15,1.28,0.0
-21.07322222,55.21936111,1.0,262.15,0.424,0.0
-21.07322222,55.21936111,1.0,262.15,1.096,0.0
-21.07297222,55.21958333,1.0,262.15,0.56,0.0
-21.06980556,55.21722222,7.0,262.15,0.396,0.0
-21.06980556,55.21722222,7.0,262.15,0.462,0.0
-21.06980556,55.21722222,7.0,262.15,1.274,0.0
-21.06980556,55.21722222,9.0,262.15,0.756,0.0
-21.06980556,55.21722222,8.0,262.15,0.69,0.0
-21.06980556,55.21722222,8.0,262.15,1.416,0.0
-21.05308333,55.22111111,7.0,262.15,0.396,0.0
-21.05308333,55.22111111,6.0,262.15,0.462,0.0
-21.05308333,55.22111111,6.5,262.15,0.756,0.0
-21.05308333,55.22111111,6.5,262.15,0.978,0.0
-21.05125,55.22208333,1.0,262.15,0.65,0.0
-21.05125,55.22208333,1.0,262.15,0.424,0.0
-21.05125,55.22208333,1.0,262.15,1.096,0.0
-21.04444444,55.21669444,6.0,262.15,0.358,0.0
-21.02580556,55.22730556,1.0,298.5,0.76,0.0
-21.02580556,55.22730556,1.0,299.79,0.77,0.0
-21.02580556,55.22730556,1.0,299.39,0.24,0.0
-21.02580556,55.22730556,1.0,299.1,0.99,0.0
-21.02580556,55.22730556,1.0,299.93,0.09,0.0
-21.02455556,55.22680556,1.0,296.43,0.39,0.0
-21.02455556,55.22680556,6.0,299.1,0.45,0.0
-21.02455556,55.22680556,8.0,299.93,1.24,0.0
-21.02455556,55.22680556,5.0,300.78,1.26,0.0
-21.01822222,55.23816667,7.5,299.67,0.92,0.0
-21.01822222,55.23816667,7.0,296.34,0.79,0.0
-21.00572222,55.24411111,10.0,262.15,0.326666667,0.0
-12.96394444,45.0835,2.0,301.04,0.2,0.25
-12.96394444,45.0835,2.0,302.19,0.97,0.0
-12.89413889,45.21280556,2.0,301.77,0.05,0.0
-12.89375,45.21241667,2.0,300.24,0.23,0.0
-12.86972222,45.26972222,3.5,301.81,0.99,1.5
-12.86972222,45.26972222,2.0,301.99,0.57,0.0
-12.86972222,45.26972222,2.0,300.54,0.07,0.0
-12.86972222,45.26972222,3.0,300.19,0.54,0.25
-12.86972222,45.26972222,2.5,300.19,1.75,0.5
-12.86425,45.27119444,3.0,302.42,1.22,0.5
-12.86425,45.27119444,6.0,302.21,1.38,0.0
-12.86425,45.27119444,6.0,301.99,0.57,0.0
-12.86425,45.27119444,6.0,299.89,0.54,0.0
-12.81722222,45.23688889,2.0,301.83,1.54,0.0
-12.81722222,45.23688889,2.0,300.75,0.2,0.25
-12.76838889,45.08283333,4.0,262.15,0.17,0.0
-12.76119444,45.06602778,3.0,302.27,1.13,0.0
-12.76119444,45.06602778,2.0,298.93,0.02,0.0
-12.76119444,45.06602778,2.0,301.93,1.29,0.0
-12.71,45.16583333,2.0,262.15,0.585,0.0
-12.71,45.16583333,2.0,262.15,0.2975,1.5
-12.71,45.16583333,2.0,262.15,0.995,0.0
-12.71,45.16583333,2.0,262.15,0.2075,0.0
-12.71,45.16583333,2.3,262.15,0.815,0.0
-12.686,45.03883333,8.0,301.98,1.15,0.0
-12.686,45.03883333,8.0,299.02,0.43,0.0
-12.686,45.03883333,8.0,301.98,0.35,0.0
-12.686,45.03883333,8.0,300.19,0.0,0.0
-12.686,45.03883333,8.0,301.71,0.24,0.0
-12.686,45.03883333,8.0,300.72,0.84,0.0
-12.56666667,45.16666667,3.0,301.83,0.0,0.0
-12.56666667,45.16666667,3.0,301.93,0.18,0.0
-12.56666667,45.16666667,1.2,298.8,0.12,0.0
15.87261111,-61.31,12.0,262.15,0.09,1.25
15.87261111,-61.31,9.0,262.15,0.094,6.25
15.87261111,-61.31,9.0,262.15,0.528,0.0
15.87261111,-61.31,7.5,262.15,0.458,0.0
15.87638889,-61.60166667,12.0,299.2,0.47,0.0
15.87638889,-61.60166667,9.0,299.2,0.51,0.0
15.87638889,-61.60166667,9.0,299.53,0.52,0.0
15.87638889,-61.60166667,9.0,299.42,1.1,0.0
15.95391667,-61.71036111,10.0,300.5,1.5,0.0
15.95391667,-61.71036111,10.0,301.63,0.41,0.0
15.95391667,-61.71036111,10.0,299.25,0.42,0.75
15.95391667,-61.71036111,10.0,299.62,0.51,0.0
15.95391667,-61.71036111,10.0,299.5,0.35,5.0
15.95902778,-61.32202778,8.0,299.17,0.71,0.25
16.13836111,-61.77566667,5.0,262.15,0.175,0.75
16.17513889,-61.10558333,2.0,299.13,1.21,0.0
16.17513889,-61.10558333,2.0,299.27,0.67,0.0
16.17513889,-61.10558333,2.0,299.17,0.37,0.0
16.19986111,-61.48980556,0.5,299.2,0.61,2.5
16.19986111,-61.48980556,0.5,299.52,1.02,0.0
16.19986111,-61.48980556,0.5,299.41,0.51,0.0
16.23988889,-61.28519444,12.0,300.45,0.28,0.0
16.23988889,-61.28519444,9.0,299.13,0.53,6.25
16.23988889,-61.28519444,9.0,299.34,0.81,0.25
16.23988889,-61.28519444,9.0,299.24,0.38,1.25
16.35,-61.58333333,10.0,300.37,0.54,0.0
16.43119444,-61.54291667,12.0,300.16,0.89,2.0
16.43119444,-61.54291667,12.0,300.49,1.12,5.0
16.43119444,-61.54291667,13.0,299.17,0.51,0.0
16.43119444,-61.54291667,13.0,299.17,0.64,0.0
16.43119444,-61.54291667,13.0,299.24,0.84,0.0
16.43119444,-61.54291667,13.0,299.15,0.48,1.0
18.07125,-63.01011111,5.0,262.15,0.58,0.0
18.07125,-63.01011111,5.0,262.15,0.14,1.75
18.07125,-63.01011111,7.0,262.15,0.582,2.0
18.07125,-63.01011111,10.0,262.15,0.654,0.0
18.07125,-63.01011111,10.0,262.15,0.804,2.5
18.07125,-63.01011111,10.0,262.15,0.586,2.5
18.09094444,-63.01055556,2.0,298.82,1.08,6.25
18.09094444,-63.01055556,2.0,299.21,0.67,0.0
18.10294444,-63.01605556,3.0,299.07,0.38,0.0
18.10294444,-63.01605556,3.0,299.21,0.67,0.0
18.11844444,-63.05655556,10.0,262.15,0.636666667,0.0
18.11844444,-63.05655556,10.0,262.15,0.908333333,0.0
-23.42202778,-149.51125,1.0,296.6,0.02,0.0
-23.40513889,-149.4459444,1.0,262.15,1.155714286,0.0
-23.40513889,-149.4459444,1.0,262.15,0.725714286,0.0
-23.13680556,-134.9664444,1.0,299.06,1.12,0.0
-23.12341667,-135.0012778,1.0,299.05,1.1,0.0
-17.80302778,-149.3054722,1.5,300.92,1.19,0.0
-17.71681944,-149.5856,1.5,300.3,1.14,1.75
-17.71658333,-149.5866944,1.5,299.45,0.22,0.0
-17.71563889,-149.5836111,1.0,300.3,1.14,1.0
-17.65638889,-149.6026111,2.0,301.71,0.8,0.0
-17.65638889,-149.6026111,2.0,301.71,0.16,0.0
-17.65638889,-149.6026111,2.0,300.74,0.63,0.0
-17.65630556,-149.6052222,2.0,301.42,0.93,0.0
-17.64638889,-149.6116944,2.0,301.38,0.27,1.0
-17.64633333,-149.6141667,2.5,301.74,0.64,0.25
-17.64475,-149.6127222,3.0,300.74,0.69,0.0
-17.61638889,-149.62,10.0,300.61,0.79,0.0
-17.59311111,-149.8565,1.3,301.9,0.24,0.0
-17.54219444,-149.9020278,2.0,300.99,0.63,0.0
-17.51944444,-149.6019722,10.0,302.01,0.02,0.0
-17.51755556,-149.5098611,2.0,299.36,0.15,0.0
-17.498,-149.7561667,2.0,262.15,0.178,0.0
-17.498,-149.7561667,1.0,262.15,1.046,0.0
-17.498,-149.7561667,1.5,262.15,0.798,0.75
-17.49638889,-149.8630556,2.0,299.51,0.54,0.0
-17.49638889,-149.8630556,2.0,299.58,0.3,0.0
-17.49027778,-149.9076389,2.0,299.67,0.71,0.0
-17.49027778,-149.9076389,1.4,301.0,0.93,0.0
-17.48644444,-149.8911944,2.0,301.34,0.22,0.0
-17.48486111,-149.8398611,2.1,301.08,2.16,0.0
-17.48486111,-149.8398611,2.0,301.93,0.41,0.0
-17.48408333,-149.91725,9.5,299.94,0.32,0.0
-17.48327778,-149.8125833,1.5,300.46,0.33,3.0
-17.48266667,-149.813,1.5,301.91,0.0,0.0
-17.48266667,-149.813,1.5,299.58,0.53,0.0
-17.47816667,-149.83925,2.0,299.52,0.05,2.25
-17.47816667,-149.83925,2.0,301.93,0.41,0.0
-17.4775,-149.8458333,7.0,299.56,0.06,0.0
-17.47527778,-149.8041667,2.0,301.91,1.58,0.5
-17.47527778,-149.8041667,2.0,299.9,0.05,0.5
-17.47480556,-149.8161944,2.1,299.52,0.05,2.25
-17.47480556,-149.8161944,2.1,301.08,2.16,8.75
-17.47480556,-149.8161944,2.0,301.93,0.41,0.0
-17.47330556,-149.8173889,10.0,301.51,1.08,4.25
-16.87902778,-151.3519722,1.0,301.87,0.76,0.0
-16.75138889,-151.414,10.0,262.15,0.4225,0.0
-16.7445,-151.4226389,2.5,301.46,0.35,0.0
-16.74052778,-151.4357778,1.0,301.46,0.35,0.0
-16.73547222,-151.5038889,10.0,301.33,0.62,0.0
-16.72283333,-151.0490556,10.0,300.43,0.32,0.0
-16.72283333,-151.0490556,10.0,301.66,0.27,0.0
-16.55619444,-151.7722222,0.6,301.85,0.69,0.0
-16.55258333,-151.7325556,0.8,301.85,0.69,0.0
-16.55258333,-151.7325556,1.0,300.45,0.08,0.0
-16.55258333,-151.7325556,1.0,301.55,0.31,0.0
-16.55258333,-151.7325556,1.0,301.55,0.34,0.2
-16.55258333,-151.7325556,1.0,301.77,0.07,20.0
-16.55258333,-151.7325556,1.0,300.73,0.88,1.25
-16.55258333,-151.7325556,1.0,301.77,0.41,0.0
-16.55258333,-151.7325556,1.0,301.67,1.4,0.0
-16.55258333,-151.7325556,0.8,300.2,0.69,0.0
-16.55258333,-151.7325556,0.8,301.02,0.34,0.0
-16.55258333,-151.7325556,0.8,301.02,1.38,10.0
-16.55258333,-151.7325556,0.8,301.3,0.77,0.0
-16.55147222,-151.7783889,1.0,300.59,0.57,0.0
-16.55147222,-151.7783889,0.7,301.71,0.07,10.0
-16.55147222,-151.7783889,1.0,301.9,0.98,7.5
-16.55147222,-151.7783889,1.0,300.84,0.81,0.0
-16.55147222,-151.7783889,1.0,301.81,0.56,2.5
-16.55147222,-151.7783889,1.0,301.59,0.15,3.0
-16.55147222,-151.7783889,0.7,300.47,0.56,0.0
-16.55147222,-151.7783889,0.7,301.31,1.31,0.0
-16.55147222,-151.7783889,0.7,301.59,0.21,4.5
-16.55147222,-151.7783889,0.7,300.47,0.88,0.0
-16.55147222,-151.7783889,0.7,301.59,0.41,2.5
-16.54905556,-151.7037778,1.0,301.56,0.53,0.0
-16.54905556,-151.7037778,1.0,301.43,1.06,50.0
-16.54905556,-151.7037778,1.0,300.26,0.31,0.0
-16.54905556,-151.7037778,1.0,300.09,0.02,0.0
-16.54905556,-151.7037778,1.0,301.78,2.16,0.0
-16.54905556,-151.7037778,1.0,300.49,1.1,0.0
-16.54905556,-151.7037778,1.0,301.68,0.57,18.0
-16.54905556,-151.7037778,1.0,301.56,0.48,7.5
-16.54905556,-151.7037778,1.0,299.98,0.48,0.0
-16.54905556,-151.7037778,1.0,301.01,0.21,0.0
-16.54602778,-151.6945556,0.6,301.78,1.44,0.0
-16.54602778,-151.6945556,0.9,300.37,0.13,0.0
-16.54269444,-151.7407778,1.5,301.85,0.69,3.0
-16.54269444,-151.7407778,1.5,300.09,0.7,0.0
-16.54269444,-151.7407778,2.0,301.43,0.52,35.0
-16.54269444,-151.7407778,2.0,301.55,0.34,35.0
-16.54269444,-151.7407778,2.0,301.3,0.67,0.0
-16.54269444,-151.7407778,2.0,300.2,0.69,0.0
-16.54269444,-151.7407778,2.0,301.43,0.14,0.0
-16.54269444,-151.7407778,2.0,301.16,1.33,0.0
-16.54269444,-151.7407778,2.0,300.45,0.81,0.0
-16.54269444,-151.7407778,2.0,301.55,1.3,12.5
-16.54238889,-151.7270278,1.5,301.78,1.44,0.0
-16.54238889,-151.7270278,1.2,300.87,0.62,0.0
-16.54238889,-151.7270278,1.5,301.56,0.53,0.0
-16.54238889,-151.7270278,1.7,301.56,0.32,15.0
-16.54238889,-151.7270278,1.7,300.26,0.31,0.5
-16.54238889,-151.7270278,1.7,301.68,0.01,2.5
-16.54238889,-151.7270278,1.7,301.68,1.21,3.75
-16.54238889,-151.7270278,1.7,300.26,0.37,0.0
-16.54238889,-151.7270278,1.7,301.01,0.33,0.25
-16.54238889,-151.7270278,1.7,301.01,1.31,6.25
-16.54238889,-151.7270278,1.7,300.26,0.3,0.0
-16.53966667,-151.7887222,0.8,301.96,0.93,2.0
-16.53966667,-151.7887222,1.5,300.59,0.57,0.0
-16.53966667,-151.7887222,1.5,301.59,0.8,0.0
-16.53966667,-151.7887222,1.3,301.71,0.07,7.5
-16.53966667,-151.7887222,1.3,301.9,0.98,12.5
-16.53966667,-151.7887222,1.3,300.23,0.03,0.0
-16.53966667,-151.7887222,1.3,301.9,0.69,1.25
-16.53966667,-151.7887222,1.3,301.59,0.15,0.0
-16.53966667,-151.7887222,1.3,300.47,0.56,0.0
-16.53966667,-151.7887222,1.3,301.31,1.31,0.0
-16.53966667,-151.7887222,1.3,301.59,0.21,1.25
-16.53966667,-151.7887222,1.3,300.35,0.57,0.0
-16.53966667,-151.7887222,1.3,301.59,0.41,3.75
-16.53527778,-151.7478611,2.0,301.04,0.16,2.0
-16.53527778,-151.7478611,2.0,300.76,0.29,0.0
-16.53527778,-151.7478611,2.0,300.43,0.13,0.0
-16.53527778,-151.7478611,2.0,300.12,0.71,0.0
-16.53527778,-151.7478611,2.0,300.27,0.55,0.0
-16.53527778,-151.7478611,2.0,300.43,0.94,0.0
-16.53527778,-151.7478611,2.0,301.36,0.65,0.0
-16.53527778,-151.7478611,2.0,299.98,1.06,0.0
-16.53527778,-151.7284444,1.8,300.77,0.12,0.0
-16.53527778,-151.7284444,1.1,300.91,0.17,0.0
-16.53527778,-151.7284444,1.8,301.87,0.07,0.0
-16.53527778,-151.7284444,1.7,300.3,0.46,0.0
-16.53527778,-151.7284444,2.0,301.52,0.47,5.0
-16.53527778,-151.7284444,1.2,301.52,0.04,25.0
-16.53527778,-151.7284444,1.0,300.18,0.6,0.0
-16.53527778,-151.7284444,1.2,301.52,0.36,3.75
-16.53527778,-151.7284444,3.5,301.81,0.13,0.0
-16.53527778,-151.7284444,1.2,301.64,0.08,1.0
-16.53527778,-151.7284444,1.2,301.64,0.84,2.5
-16.53527778,-151.7284444,1.2,300.18,0.21,0.0
-16.53527778,-151.7284444,1.2,301.64,0.94,3.75
-16.53477778,-151.7298611,3.0,300.3,0.46,0.0
-16.53477778,-151.7298611,4.0,301.52,0.47,12.5
-16.53477778,-151.7298611,2.8,301.64,0.39,12.5
-16.53477778,-151.7298611,1.2,301.81,0.13,0.0
-16.53477778,-151.7298611,2.8,300.77,0.11,2.0
-16.53477778,-151.7298611,8.5,301.73,0.17,1.25
-16.53477778,-151.7298611,2.8,300.3,0.29,0.0
-16.53477778,-151.7298611,2.8,301.73,0.39,0.0
-16.53477778,-151.7298611,2.8,300.79,0.53,0.0
-16.53477778,-151.7298611,2.8,301.52,0.23,2.5
-16.53477778,-151.7298611,2.8,300.18,0.21,0.0
-16.53477778,-151.7298611,2.8,301.64,0.94,3.75
-16.53363889,-151.7343333,2.5,301.25,1.42,0.25
-16.53363889,-151.7343333,1.8,299.98,0.69,6.25
-16.53363889,-151.7343333,1.8,300.59,0.76,0.0
-16.53363889,-151.7343333,1.0,300.27,0.55,0.0
-16.53363889,-151.7343333,1.8,301.45,0.43,0.0
-16.53363889,-151.7343333,1.8,300.43,0.94,0.0
-16.53363889,-151.7343333,1.8,301.45,0.43,0.0
-16.53363889,-151.7343333,1.8,301.53,0.05,0.0
-16.53363889,-151.7343333,1.8,300.43,0.45,2.5
-16.53363889,-151.7343333,1.8,301.75,0.52,2.5
-16.53363889,-151.7343333,1.8,300.43,0.8,2.5
-16.53363889,-151.7343333,1.8,301.25,0.58,0.0
-16.52966667,-151.7281944,2.5,301.02,0.18,0.0
-16.52966667,-151.7281944,2.2,299.98,0.59,0.0
-16.52966667,-151.7281944,2.2,301.42,0.01,0.0
-16.52966667,-151.7281944,2.2,300.6,0.56,0.0
-16.52966667,-151.7281944,2.2,300.6,0.83,0.0
-16.52966667,-151.7281944,2.2,301.42,0.24,0.0
-16.52966667,-151.7281944,2.2,301.65,0.24,0.0
-16.52966667,-151.7281944,2.2,300.27,0.79,0.0
-16.52966667,-151.7281944,2.2,301.33,0.53,0.0
-16.52966667,-151.7281944,2.2,300.27,0.42,0.0
-16.52966667,-151.7281944,2.2,301.5,0.72,0.0
-16.52966667,-151.7281944,3.3,300.43,0.56,0.0
-16.52966667,-151.7281944,2.2,301.5,0.2,0.0
-16.52966667,-151.7281944,2.2,300.43,0.97,0.0
-16.52966667,-151.7281944,2.2,301.33,0.48,0.0
-16.52952778,-151.7722778,1.5,301.25,1.42,0.0
-16.52952778,-151.7722778,1.5,300.76,0.29,0.0
-16.52952778,-151.7722778,1.5,299.98,0.69,0.0
-16.52952778,-151.7722778,1.5,300.43,1.18,0.0
-16.52952778,-151.7722778,1.5,300.27,0.55,0.0
-16.52952778,-151.7722778,1.5,301.45,0.43,0.0
-16.52952778,-151.7722778,1.5,300.12,1.02,0.0
-16.52952778,-151.7722778,1.5,301.81,0.14,0.0
-16.52952778,-151.7722778,1.5,300.27,0.3,0.0
-16.52952778,-151.7722778,1.5,301.81,0.46,0.0
-16.52952778,-151.7722778,1.5,300.43,0.45,0.0
-16.52952778,-151.7722778,1.5,301.25,0.3,0.0
-16.52952778,-151.7722778,1.5,300.27,1.17,0.0
-16.52952778,-151.7722778,1.5,301.53,1.42,0.0
-16.52952778,-151.7722778,1.5,300.59,1.05,8.25
-16.52466667,-145.4686667,4.0,299.21,0.67,0.75
-16.52466667,-145.4686667,10.0,299.21,0.67,0.5
-16.51358333,-145.4621944,2.0,300.02,0.33,0.0
-16.51358333,-145.4621944,2.0,299.38,0.21,0.0
-16.50966667,-145.462,3.0,299.21,0.67,0.75
-16.50833333,-145.4621667,3.0,299.21,0.67,0.25
-16.50691667,-151.7641944,2.0,301.25,1.42,0.0
-16.50691667,-151.7641944,1.0,300.76,0.29,0.0
-16.50691667,-151.7641944,1.0,300.27,0.58,0.0
-16.50691667,-151.7641944,1.0,301.75,0.16,0.0
-16.50691667,-151.7641944,1.0,300.59,0.76,0.0
-16.50691667,-151.7641944,1.0,300.43,0.54,0.0
-16.50691667,-151.7641944,1.0,301.45,0.43,0.0
-16.50691667,-151.7641944,1.0,300.12,1.02,0.0
-16.50691667,-151.7641944,1.0,301.81,0.14,0.0
-16.50691667,-151.7641944,1.0,299.98,1.06,0.0
-16.50691667,-151.7641944,1.0,300.27,0.3,0.0
-16.50691667,-151.7641944,1.0,301.87,0.55,0.0
-16.50691667,-151.7641944,1.0,300.27,0.7,0.0
-16.50691667,-151.7641944,1.0,301.69,0.39,0.0
-16.50691667,-151.7641944,1.0,300.43,0.8,0.0
-16.50641667,-151.7836111,1.0,299.92,1.5,5.0
-16.50641667,-151.7836111,1.0,301.72,0.62,0.0
-16.50641667,-151.7836111,1.0,300.45,0.67,0.0
-16.50641667,-151.7836111,1.0,300.45,0.47,4.0
-16.50641667,-151.7836111,1.0,300.16,0.99,0.0
-16.50641667,-151.7836111,1.0,301.56,0.77,0.0
-16.50641667,-151.7836111,1.0,300.16,0.1,0.0
-16.50641667,-151.7836111,1.0,301.91,0.6,0.0
-16.50641667,-151.7836111,1.0,300.3,0.56,0.0
-16.50641667,-151.7836111,1.0,301.72,0.39,0.0
-16.50641667,-151.7836111,1.0,300.45,0.99,0.0
-16.50641667,-151.7836111,1.0,301.64,0.36,0.0
-16.50641667,-151.7836111,1.0,299.92,0.65,0.0
-16.50080556,-151.7836944,5.0,300.94,0.42,2.0
-16.50080556,-151.7836944,10.0,300.94,0.42,3.0
-16.49941667,-151.7839722,7.0,300.57,0.15,1.25
-16.49941667,-151.7839722,15.0,300.57,0.15,0.5
-16.49941667,-151.7839722,7.0,301.65,0.4,15.0
-16.49941667,-151.7839722,15.0,301.65,0.4,10.0
-16.49941667,-151.7839722,7.0,301.53,0.35,35.0
-16.49941667,-151.7839722,15.0,301.53,0.35,20.0
-16.49941667,-151.7839722,7.0,301.4,0.35,0.0
-16.49941667,-151.7839722,7.0,301.25,0.08,0.0
-16.49941667,-151.7839722,15.0,301.25,0.08,0.0
-16.49941667,-151.7839722,15.0,300.92,0.58,0.0
-16.49941667,-151.7839722,7.0,300.92,0.58,0.0
-16.49941667,-151.7839722,15.0,300.94,0.46,2.5
-16.49941667,-151.7839722,7.0,300.94,0.46,5.0
-16.49941667,-151.7839722,15.0,301.25,0.99,2.5
-16.49941667,-151.7839722,7.0,301.25,0.99,1.25
-16.49941667,-151.7839722,15.0,300.57,0.66,2.5
-16.49941667,-151.7839722,7.0,300.57,0.66,0.0
-16.49941667,-151.7839722,15.0,300.94,0.33,2.5
-16.49941667,-151.7839722,7.0,300.61,0.66,0.0
-16.49902778,-151.7573333,2.5,301.25,1.42,0.0
-16.49902778,-151.7573333,2.5,300.76,0.29,5.0
-16.49902778,-151.7573333,2.7,300.12,0.75,5.0
-16.49902778,-151.7573333,2.7,301.36,0.38,0.0
-16.49902778,-151.7573333,2.7,300.27,1.27,0.0
-16.49902778,-151.7573333,2.7,300.59,0.83,0.0
-16.49902778,-151.7573333,2.7,301.53,0.77,0.0
-16.49902778,-151.7573333,2.7,300.12,1.02,0.0
-16.49902778,-151.7573333,2.7,300.27,0.3,0.0
-16.49902778,-151.7573333,2.7,301.53,0.05,0.0
-16.49902778,-151.7573333,2.7,300.43,0.45,0.0
-16.49902778,-151.7573333,2.7,301.45,0.05,0.0
-16.49902778,-151.7573333,2.7,300.43,0.8,0.0
-16.49902778,-151.7573333,2.7,301.36,0.42,0.0
-16.49177778,-151.7099722,4.0,301.17,1.77,1.5
-16.49177778,-151.7099722,2.8,300.28,0.72,0.0
-16.49177778,-151.7099722,2.8,301.17,0.63,0.5
-16.49177778,-151.7099722,2.8,300.13,0.59,0.0
-16.49177778,-151.7099722,2.8,299.69,0.22,0.0
-16.49177778,-151.7099722,3.0,299.99,0.0,0.0
-16.49177778,-151.7099722,2.5,301.45,0.59,0.0
-16.49177778,-151.7099722,2.5,300.44,0.41,0.0
-16.49177778,-151.7099722,2.5,301.07,0.36,0.0
-16.49177778,-151.7099722,2.5,299.87,0.21,8.75
-16.49177778,-151.7099722,2.5,301.54,0.92,0.0
-16.49177778,-151.7099722,2.5,300.13,0.0,1.25
-16.47955556,-151.7203889,1.0,301.17,1.77,0.25
-16.47955556,-151.7203889,1.0,299.99,1.2,0.0
-16.47955556,-151.7203889,1.0,301.54,2.34,0.0
-16.47955556,-151.7203889,1.0,300.62,0.75,0.0
-16.47955556,-151.7203889,1.0,301.45,0.84,0.0
-16.47955556,-151.7203889,1.0,300.13,0.97,0.0
-16.47955556,-151.7203889,1.0,301.37,0.36,0.0
-16.47955556,-151.7203889,1.0,300.13,0.27,0.0
-16.47955556,-151.7203889,1.0,301.76,0.48,0.0
-16.47955556,-151.7203889,1.0,300.28,0.79,0.0
-16.47955556,-151.7203889,1.0,300.44,0.75,0.0
-16.47955556,-151.7203889,1.0,301.17,0.81,0.0
-16.47911111,-152.2603889,1.0,301.24,0.13,0.0
-16.47911111,-152.2603889,1.0,301.69,0.5,0.0
-16.46188889,-152.2643333,2.0,301.24,0.13,0.0
-16.46188889,-152.2643333,2.0,301.61,1.86,0.0
-16.45702778,-151.7758056,1.0,299.87,1.48,0.0
-16.45702778,-151.7758056,1.0,301.66,0.67,0.75
-16.45702778,-151.7758056,1.0,300.42,1.28,0.0
-16.45702778,-151.7758056,1.0,300.42,0.31,5.0
-16.45702778,-151.7758056,1.0,301.66,0.54,5.0
-16.45702778,-151.7758056,1.0,301.58,0.1,0.0
-16.45702778,-151.7758056,1.0,301.86,0.55,0.0
-16.45702778,-151.7758056,1.0,300.26,0.48,0.0
-16.45702778,-151.7758056,1.0,301.91,1.03,0.0
-16.45702778,-151.7758056,1.0,300.42,0.72,0.0
-16.45702778,-151.7758056,1.0,301.41,0.48,0.0
-16.45702778,-151.7758056,1.0,299.87,0.51,0.0
-16.44805556,-151.7658889,1.3,299.96,1.18,0.0
-16.44805556,-151.7658889,1.3,301.69,0.67,0.0
-16.44805556,-151.7658889,1.3,300.4,0.55,0.0
-16.44805556,-151.7658889,1.3,300.4,0.57,0.0
-16.44805556,-151.7658889,1.3,301.69,0.42,0.0
-16.44805556,-151.7658889,1.3,301.52,0.84,0.0
-16.44805556,-151.7658889,1.3,301.2,1.03,0.0
-16.44805556,-151.7658889,1.3,300.1,0.07,0.0
-16.44805556,-151.7658889,1.3,301.89,0.78,0.0
-16.44805556,-151.7658889,1.3,300.24,0.58,0.0
-16.44805556,-151.7658889,1.3,301.93,1.22,0.0
-16.44805556,-151.7658889,1.3,300.4,1.1,0.0
-16.44805556,-151.7658889,1.3,301.42,0.37,0.0
-16.44138889,-151.7631389,1.0,299.96,1.18,0.0
-16.44138889,-151.7631389,1.0,301.69,0.67,0.0
-16.44138889,-151.7631389,1.0,300.4,0.55,0.0
-16.41911111,-152.2580278,2.0,301.59,1.2,0.0
-16.25766667,-145.616,3.0,299.21,0.46,0.0
-16.15022222,-145.8199722,11.0,299.46,0.23,0.5
-16.07616667,-145.6443333,3.0,299.4,0.31,0.25
-16.07616667,-145.6443333,11.0,299.4,0.31,0.0
-16.07516667,-145.6445,3.0,299.4,0.9,1.25
-16.06122222,-145.6215,10.0,299.4,0.31,0.025
-15.93213889,-145.8806111,4.0,299.48,0.52,1.0
-15.93213889,-145.8806111,10.0,299.48,0.52,1.0
-15.90122222,-145.9118611,3.0,299.44,0.16,0.1
-15.86002778,-146.2136389,5.0,299.57,0.24,1.0
-15.86002778,-146.2136389,10.0,299.57,0.24,1.0
-14.97555556,-147.6361111,7.0,299.68,0.36,7.5
-14.64519444,-147.6372222,1.5,302.0,1.19,0.5
-14.64519444,-147.6372222,1.5,301.99,0.16,0.5
-14.46394444,-146.0476944,2.0,300.79,1.0,0.0
-14.45222222,-146.0736111,5.0,300.55,0.27,0.0
-14.45222222,-146.0736111,5.0,300.38,0.1,0.0
-14.45222222,-146.0736111,5.0,300.38,0.54,0.0
12.48486111,-61.49561111,8.6,299.92,0.0,10.75
12.48486111,-61.49561111,9.5,300.98,0.32,4.5
12.48580556,-61.48269444,12.0,299.32,0.39,1.75
12.48580556,-61.48269444,8.0,300.77,0.85,32.25
12.48580556,-61.48269444,4.5,300.93,0.18,1.25
12.48580556,-61.48269444,11.0,301.86,1.62,2.5
12.48580556,-61.48269444,11.0,301.59,1.04,0.0
12.48777778,-61.49055556,11.3,300.93,0.18,3.25
12.48777778,-61.49055556,4.0,301.85,2.17,8.75
12.48777778,-61.49055556,11.2,301.43,0.73,16.25
12.49527778,-61.46583333,9.0,301.86,1.62,4.5
18.14522222,-73.97786111,12.8,302.28,0.17,0.0
18.20813889,-73.50375,8.0,301.52,0.01,0.0
18.22577778,-72.06666944,16.6,301.75,0.48,0.0
18.23697222,-74.09125,10.0,302.21,0.33,0.0
18.24588889,-73.48263889,4.0,262.15,0.243333333,0.0
18.25697222,-73.45552778,2.0,262.15,0.236666667,0.0
18.28105556,-74.18136111,10.0,302.26,0.05,0.0
18.43055556,-72.78972222,5.0,300.95,0.28,1.25
18.43333333,-72.72341667,3.5,303.4,0.99,0.0
18.44572222,-72.69572222,4.2,262.15,0.456666667,0.0
18.45675,-73.07130556,3.0,303.46,0.98,0.0
18.47697222,-73.23833333,3.5,303.39,0.49,0.0
18.50527778,-73.34083333,10.0,300.45,1.0,11.25
18.53072222,-73.53402778,6.0,302.99,0.91,0.0
18.59986111,-74.42813889,3.0,302.61,0.06,0.0
18.65594444,-74.30769444,7.0,262.15,0.6625,0.0
18.66183333,-74.14344444,10.0,262.15,0.21,0.0
18.66547222,-74.14769444,7.0,300.72,0.19,2.5
18.66780556,-74.26458333,8.0,300.62,0.15,0.0
18.66972222,-74.16338889,13.0,300.68,0.19,0.0
18.67069444,-74.17522222,14.0,300.68,0.19,0.0
18.67361111,-74.18311111,15.0,300.68,0.19,0.0
18.67472222,-74.23530556,16.0,300.64,0.22,0.0
18.67694444,-74.19516667,13.0,300.68,0.19,0.0
18.70352778,-72.77513889,3.0,303.31,0.39,0.0
18.79338889,-72.65177778,5.0,303.23,0.63,0.0
18.80397222,-72.65038889,5.5,303.23,0.63,0.0
18.80397222,-72.65038889,10.0,303.23,0.63,0.0
18.8085,-72.64219444,5.0,303.23,0.63,0.0
18.8085,-72.64219444,10.0,303.23,0.63,0.0
18.82436111,-72.83213889,10.0,262.15,0.2175,0.0
18.93353333,-72.68091667,3.0,262.15,0.6425,0.0
18.93353333,-72.68091667,5.5,262.15,0.6425,0.25
18.93527778,-73.11152778,10.0,300.5,0.33,0.0
19.08875,-72.79891667,12.0,300.75,0.01,0.0
19.08916667,-72.74702778,15.0,301.98,0.31,0.0
19.09222222,-72.75902778,3.0,301.86,0.16,0.0
19.19186111,-72.77766667,2.0,262.15,0.275,0.0
19.71125,-71.84472222,10.0,300.69,0.78,0.0
15.93794444,-86.52305556,7.0,301.39,1.59,4.25
15.93794444,-86.52305556,11.0,301.39,1.59,1.0
15.93794444,-86.52305556,6.0,301.39,0.53,0.0
15.93794444,-86.52305556,12.0,301.39,0.53,0.75
15.93794444,-86.52305556,12.0,301.34,0.32,6.25
15.95383333,-86.47363889,6.0,301.34,0.79,0.0
15.95383333,-86.47363889,12.0,301.34,0.79,0.25
15.95383333,-86.47363889,12.0,301.31,0.86,0.0
15.95383333,-86.47363889,6.0,301.31,0.86,13.75
15.95422222,-86.51775,6.0,302.66,0.26,0.25
15.95422222,-86.51775,6.0,302.6,0.09,0.5
15.95422222,-86.51775,7.0,301.39,1.59,2.0
15.95422222,-86.51775,11.0,301.39,1.59,0.75
15.95422222,-86.51775,6.0,301.39,0.53,9.25
15.95422222,-86.51775,12.0,301.39,0.53,3.5
15.96472222,-86.50022222,6.0,301.35,0.23,0.0
15.975,-86.474,6.0,302.59,0.08,1.25
15.97511111,-86.48697222,6.0,301.31,1.0,0.0
15.97511111,-86.48697222,12.0,301.31,1.0,0.0
15.97663889,-86.48738889,6.0,302.59,0.08,6.25
15.97852778,-86.48438889,6.0,302.59,0.08,4.25
15.97852778,-86.48438889,7.8,301.31,1.99,2.0
15.97852778,-86.48438889,13.8,301.31,1.99,3.25
15.97852778,-86.48438889,6.0,301.31,1.0,0.0
15.97852778,-86.48438889,12.0,301.31,1.0,0.625
15.97863889,-86.47877778,6.0,301.27,0.0,0.0
15.97863889,-86.47877778,12.0,301.27,0.0,0.75
15.97891667,-86.48130556,6.0,301.31,1.99,7.5
15.97891667,-86.48130556,14.5,301.31,1.99,3.25
15.97891667,-86.48130556,6.0,301.31,1.0,6.0
15.97891667,-86.48130556,12.0,301.31,1.0,23.75
15.98,-86.4675,8.0,299.55,1.44,0.25
15.98111111,-86.47861111,6.0,301.31,1.99,4.25
15.98111111,-86.47861111,12.0,301.31,1.99,3.75
15.98308333,-86.47572222,9.0,301.46,0.58,4.125
15.98308333,-86.47572222,9.0,301.58,1.84,3.75
16.07544444,-86.92897222,5.0,302.55,1.92,5.0
16.07613889,-86.92730556,4.0,302.55,1.92,5.0
16.08683333,-87.00188889,8.0,302.54,1.86,7.5
16.08769444,-86.99691667,8.0,302.54,1.86,0.0
16.104,-86.87455556,9.0,302.56,1.35,10.0
16.26638889,-86.59555556,6.0,301.6,1.43,0.0
16.26638889,-86.59555556,10.0,301.6,1.43,0.0
16.27638889,-86.60444444,6.0,301.0,0.64,0.0
16.27638889,-86.60444444,10.0,301.0,0.64,0.0
16.28527778,-86.60388889,6.0,300.89,0.6,0.0
16.28527778,-86.60388889,10.0,300.89,0.6,0.0
16.29952778,-86.615,12.5,299.86,1.5,0.0
16.30305556,-86.59888889,6.0,262.15,0.538571429,0.0
16.30305556,-86.59888889,10.0,262.15,0.538571429,0.0
16.30547222,-86.59744444,9.2,262.15,1.031428571,0.0
16.3075,-86.59694444,10.0,262.15,0.327142857,0.0
16.31527778,-86.59055556,6.0,262.15,0.401428571,0.0
16.31527778,-86.59055556,10.0,262.15,0.401428571,0.5
16.32138889,-86.59083333,6.0,262.15,0.401428571,0.0
16.32138889,-86.59083333,10.0,262.15,0.401428571,0.0
16.33416667,-86.57277778,6.0,262.15,0.675,0.0
16.33416667,-86.57277778,10.0,262.15,0.675,0.0
16.33722222,-86.56694444,6.0,262.15,0.013333333,0.0
16.33722222,-86.56694444,10.0,262.15,0.013333333,2.5
16.34222222,-86.56083333,6.0,262.15,0.925,0.0
16.34222222,-86.56083333,10.0,262.15,0.925,0.0
16.34277778,-86.55894444,10.0,262.15,2.081666667,0.0
16.34472222,-86.55777778,6.0,262.15,0.031666667,0.0
16.34472222,-86.55777778,10.0,262.15,0.031666667,0.0
16.34944444,-86.55027778,6.0,262.15,0.675,0.0
16.34944444,-86.55027778,10.0,262.15,0.675,0.0
16.34944444,-86.55027778,6.0,262.15,0.476666667,0.0
16.34944444,-86.55027778,10.0,262.15,0.476666667,0.0
16.34944444,-86.55027778,10.0,262.15,0.031666667,0.0
16.34944444,-86.55027778,6.0,262.15,0.923333333,0.0
16.34944444,-86.55027778,10.0,262.15,0.923333333,0.0
16.35741667,-86.53161111,13.3,262.15,2.264285714,0.0
-8.715833333,115.4583333,5.0,262.15,2.045,0.75
-8.685833333,115.4622222,5.0,262.15,1.496,2.25
-8.685833333,115.4622222,5.0,262.15,1.124,5.5
-8.685833333,115.4622222,5.0,262.15,0.642,1.75
-8.675833333,115.4427778,5.0,300.89,1.59,3.75
-8.675,115.4411111,5.0,300.89,1.59,3.75
-8.509527778,119.7023889,5.0,301.74,1.62,0.0
-8.509527778,119.7023889,10.0,301.74,1.62,5.0
-8.479972222,119.8359444,5.0,302.18,1.51,5.0
-8.479972222,119.8359444,10.0,302.18,1.51,7.5
-8.439361111,112.6779722,3.0,262.15,0.5575,0.0
-8.439361111,112.6779722,10.0,262.15,0.5575,0.0
-8.410972222,119.8627222,5.0,301.83,1.18,0.0
-8.410972222,119.8627222,10.0,301.83,1.18,0.0
-8.3915,119.7988611,5.0,302.19,0.57,10.0
-8.3915,119.7988611,10.0,302.19,0.57,1.75
-8.362833333,116.0297778,12.0,300.83,1.14,0.0
-8.362833333,116.0297778,12.0,301.75,1.88,0.0
-8.362416667,116.0313889,10.0,302.35,1.84,5.0
-8.362416667,116.0313889,4.0,302.35,1.84,10.0
-8.362416667,116.0313889,8.0,302.35,1.84,25.0
-8.362416667,116.0313889,6.0,301.6,1.46,0.0
-8.362416667,116.0313889,10.0,301.6,1.46,0.0
-8.362416667,116.0313889,6.0,301.88,0.73,87.5
-8.362416667,116.0313889,10.0,301.88,0.73,67.5
-8.361888889,116.0536111,6.0,301.48,0.6,1.25
-8.361888889,116.0536111,12.0,301.48,0.6,3.75
-8.359802778,116.1316,3.0,262.15,0.095,0.0
-8.359802778,116.1316,8.0,262.15,0.095,0.0
-8.357888889,116.0424722,5.0,301.88,0.51,0.0
-8.357888889,116.0424722,4.0,300.45,1.32,70.0
-8.357888889,116.0424722,8.0,300.45,1.32,42.5
-8.357888889,116.0424722,7.5,301.03,0.01,5.0
-8.357888889,116.0424722,4.0,301.03,0.01,5.0
-8.357888889,116.0424722,8.0,301.03,0.01,42.5
-8.357888889,116.0424722,4.0,300.44,0.1,0.0
-8.357888889,116.0424722,8.0,300.44,0.1,0.0
-8.355638889,116.0514722,6.0,302.35,1.84,5.0
-8.355638889,116.0514722,4.0,301.03,0.01,12.5
-8.355638889,116.0514722,8.0,301.03,0.01,0.0
-8.348666667,116.0858056,4.0,302.27,1.23,15.0
-8.348666667,116.0858056,4.0,301.76,1.78,0.0
-8.348666667,116.0858056,7.0,301.76,1.78,13.75
-8.348666667,116.0858056,6.0,302.17,1.0,0.0
-8.348666667,116.0858056,9.0,302.17,1.0,80.0
-8.348666667,116.0858056,3.0,302.63,0.42,0.0
-8.348666667,116.0858056,7.0,302.63,0.42,0.0
-8.348666667,116.0858056,4.0,300.95,0.37,5.0
-8.348666667,116.0858056,7.0,300.95,0.37,3.0
-8.34475,116.0246667,7.0,302.19,1.27,10.0
-8.34475,116.0246667,7.0,302.15,0.13,0.0
-8.34475,116.0246667,5.0,302.04,0.63,0.0
-8.34475,116.0246667,8.0,302.04,0.63,11.25
-8.341111111,116.0272778,12.0,300.46,2.52,2.25
-8.337638889,116.0376389,5.0,301.67,0.87,5.0
-8.337638889,116.0376389,8.0,301.67,0.87,5.0
-8.337638889,116.0376389,5.0,301.82,0.0,10.0
-8.337638889,116.0376389,8.0,301.82,0.0,10.0
-8.337638889,116.0376389,4.0,301.67,0.04,1.75
-8.337638889,116.0376389,8.0,301.67,0.04,7.0
-8.337638889,116.0376389,4.0,302.08,0.66,95.0
-8.337638889,116.0376389,8.0,302.08,0.66,95.0
-8.337638889,116.0376389,4.0,300.44,1.46,75.0
-8.337638889,116.0376389,8.0,300.44,1.46,57.5
-8.337638889,116.0376389,4.0,301.93,1.13,10.0
-8.337638889,116.0376389,8.0,301.93,1.13,10.0
-8.337638889,116.0376389,4.0,301.67,0.17,20.0
-8.337638889,116.0376389,8.0,301.67,0.17,20.0
-8.337638889,116.0376389,4.0,302.59,0.66,12.5
-8.337638889,116.0376389,8.0,302.59,0.66,1.0
-8.337638889,116.0376389,4.0,301.03,0.01,5.0
-8.337638889,116.0376389,8.0,301.03,0.01,5.0
-8.337638889,116.0376389,4.0,300.44,0.1,0.0
-8.337638889,116.0376389,8.0,300.44,0.1,0.0
-8.337277778,116.0365278,8.0,300.44,0.76,1.25
-8.337277778,116.0365278,6.0,302.23,1.28,1.5
-8.334805556,115.65325,5.5,262.15,1.256666667,35.0
-8.304166667,116.1367778,8.0,301.97,0.48,10.0
-8.278472222,115.5951111,3.0,302.65,0.88,0.0
-8.278472222,115.5951111,10.0,302.65,0.88,0.0
-8.139083333,115.3963611,10.0,262.15,1.6175,17.25
-8.112333333,115.3229167,3.0,302.96,1.24,0.0
-8.112333333,115.3229167,10.0,302.96,1.24,0.0
-8.108388889,115.3156111,10.0,302.9,1.66,0.0
-8.108388889,115.3156111,3.0,302.9,1.66,0.0
-8.107444444,115.3133333,3.0,302.9,1.66,0.0
-8.107444444,115.3133333,10.0,302.9,1.66,0.0
-7.841166667,114.4656667,10.0,302.37,1.69,0.0
-7.834444444,114.4669444,3.0,302.37,1.69,0.0
-7.834444444,114.4669444,10.0,302.37,1.69,0.0
-7.809138889,114.4582222,3.0,302.48,1.54,0.0
-7.809138889,114.4582222,10.0,302.48,1.54,0.0
-7.793888889,114.4416667,3.0,262.15,1.0175,22.5
-7.783333333,114.4216667,3.0,302.54,0.17,0.0
-7.783333333,114.4216667,10.0,302.54,0.17,0.0
-7.748083333,114.3668889,3.0,302.54,0.06,0.0
-7.748083333,114.3668889,10.0,302.54,0.06,0.0
-7.715666667,113.8092222,3.0,262.15,0.953333333,0.0
-7.715666667,113.8092222,6.0,262.15,0.953333333,0.0
-7.694444444,113.8229444,3.0,262.15,0.816,0.0
-7.694444444,113.8229444,10.0,262.15,0.816,0.0
-7.694444444,113.8229444,3.0,262.15,0.348,0.0
-7.690277778,113.8275,3.0,262.15,0.816,0.0
-7.690277778,113.8275,10.0,262.15,0.816,0.0
-7.686194444,113.8299167,3.0,262.15,0.816,0.0
-7.686194444,113.8299167,6.0,262.15,0.816,0.0
-6.57875,110.6280833,5.0,302.44,0.17,0.0
-6.57875,110.6280833,9.0,302.44,0.17,0.0
-6.573833333,110.6287222,5.0,302.44,0.17,0.0
-6.573833333,110.6287222,9.0,302.44,0.17,0.0
-5.965555556,123.755,5.0,299.72,0.08,0.0
-5.965555556,123.755,10.0,299.72,0.08,0.0
-5.891972222,110.4208056,3.0,302.49,0.33,5.25
-5.891972222,110.4208056,10.0,302.49,0.33,1.75
-5.889694444,110.4061944,3.0,302.49,0.33,0.0
-5.889694444,110.4061944,10.0,302.49,0.33,0.0
-5.889694444,110.4061944,3.0,302.24,1.22,0.075
-5.889694444,110.4061944,10.0,302.24,1.22,0.0
-5.874444444,123.8397222,5.0,300.96,0.37,0.0
-5.874444444,123.8397222,10.0,300.96,0.37,0.0
-5.84625,110.5860833,3.0,302.31,0.46,0.0
-5.84625,110.5860833,10.0,302.31,0.46,0.0
-5.84625,110.5860833,3.0,301.77,0.37,0.0
-5.84625,110.5860833,10.0,301.77,0.37,0.0
-5.8345,110.4236667,3.0,262.15,0.22125,0.0
-5.8345,110.4236667,10.0,262.15,0.22125,0.0
-5.8345,110.4236667,3.0,262.15,0.70125,0.015
-5.8345,110.4236667,10.0,262.15,0.70125,0.0
-5.833805556,110.3801111,3.0,302.35,0.21,0.0
-5.833805556,110.3801111,10.0,302.35,0.21,0.0
-5.833805556,110.3801111,3.0,301.78,0.25,0.0
-5.833805556,110.3801111,10.0,301.78,0.25,0.0
-5.820444444,110.4452222,3.0,302.11,0.22,0.0
-5.820444444,110.4452222,10.0,302.11,0.22,0.0
-5.804666667,110.3696111,3.0,302.53,0.31,0.0
-5.804666667,110.3696111,10.0,302.53,0.31,0.0
-5.797388889,110.3495556,3.0,302.37,0.07,0.0
-5.797388889,110.3495556,10.0,302.37,0.07,0.0
-5.797388889,110.3495556,3.0,301.74,0.19,0.0
-5.797388889,110.3495556,10.0,301.74,0.19,0.0
-5.794027778,110.3408333,3.0,301.74,0.19,0.0
-5.794027778,110.3408333,10.0,301.74,0.19,0.0
-5.773861111,110.2379444,3.0,302.44,0.1,0.0
-5.773861111,110.2379444,10.0,302.44,0.1,0.0
-5.773861111,110.2379444,3.0,301.54,0.51,0.0
-5.773861111,110.2379444,10.0,301.54,0.51,0.0
-5.772777778,123.7658333,5.0,301.09,0.21,0.0
-5.772777778,123.7658333,10.0,301.09,0.21,0.0
-5.772277778,123.8642778,10.0,299.75,0.73,0.0
-5.76875,123.8915278,9.0,300.23,0.32,0.0
-5.76875,123.8915278,9.0,300.72,0.84,0.0
-5.766666667,123.8833333,9.0,300.72,0.84,0.0
-5.763888889,123.8916667,10.0,301.25,0.84,0.0
-5.763333333,123.8913333,9.5,301.25,0.84,0.0
-5.758388889,123.8933889,3.0,300.03,0.87,7.5
-5.758388889,123.8933889,10.0,300.03,0.87,1.0
-5.729777778,123.8928056,10.0,301.35,2.1,0.0
-5.725138889,123.8920278,10.0,300.09,0.22,0.0
-5.648666667,124.0423611,9.0,300.52,0.55,0.0
-5.647916667,124.0423056,6.5,299.78,0.2,0.0
-5.6475,124.0416667,9.0,301.36,0.96,0.0
-5.609722222,106.5638889,4.0,302.68,3.14,0.0
-5.609722222,106.5638889,8.0,302.68,3.14,0.0
-5.594444444,106.5527778,4.0,302.68,3.14,0.0
-5.594444444,106.5527778,8.0,302.68,3.14,0.0
-5.591111111,123.7777778,8.0,301.13,1.25,0.0
-5.568611111,123.7630556,5.0,262.15,0.402,0.0
-5.568611111,123.7630556,10.0,262.15,0.402,0.0
-5.533277778,123.7259444,3.0,262.15,0.193333333,0.25
-5.533277778,123.7259444,10.0,262.15,0.193333333,0.0
-5.501944444,123.7002778,5.0,262.15,0.851666667,0.0
-5.501944444,123.7002778,10.0,262.15,0.851666667,0.0
-5.482777778,123.7491667,5.0,299.99,0.26,0.0
-5.482777778,123.7491667,10.0,299.99,0.26,0.0
-5.479527778,123.7416111,9.0,300.84,0.8,0.0
-5.476416667,123.7572778,9.0,301.1,1.01,0.0
-5.473333333,123.7575,5.0,299.99,0.26,0.0
-5.473333333,123.7575,10.0,299.99,0.26,0.0
-5.473333333,123.7602778,5.0,300.84,0.61,0.0
-5.473333333,123.7602778,10.0,300.84,0.61,0.0
-5.471111111,123.7241667,5.0,300.31,0.42,0.0
-5.471111111,123.7241667,10.0,300.31,0.42,0.0
-5.470972222,123.6801111,3.0,301.26,0.19,0.25
-5.470972222,123.6801111,10.0,301.26,0.19,0.0
-5.469222222,123.7197778,3.0,301.32,0.05,0.0
-5.469222222,123.7197778,10.0,301.32,0.05,0.0
-5.457194444,123.7068611,5.0,300.11,0.04,0.5
-5.457194444,123.7068611,10.0,300.11,0.04,0.5
-5.442777778,123.7563889,5.0,299.84,0.24,0.0
-5.442777778,123.7563889,10.0,299.84,0.24,1.0
-5.344555556,123.5279722,9.0,262.15,0.1775,0.0
-5.339222222,123.4566389,9.5,299.87,0.75,0.0
-5.338305556,123.5043611,10.0,299.97,0.56,0.0
-5.325527778,123.4903056,9.0,299.98,0.91,1.25
-5.325527778,123.4903056,10.0,300.31,0.34,0.0
-5.322638889,123.4723889,9.0,300.82,0.73,1.25
-5.322555556,123.4780278,8.0,299.99,0.47,0.0
-5.322555556,123.4780278,6.0,299.99,0.3,0.0
-5.299722222,123.5208333,5.0,300.31,0.42,0.25
-5.299722222,123.5208333,10.0,300.31,0.42,0.0
-5.275055556,123.5193889,8.0,300.09,1.19,0.0
-5.274027778,123.51975,5.0,301.47,0.18,0.5
-5.274027778,123.51975,10.0,301.47,0.18,0.5
-5.271138889,123.5179722,8.0,300.45,0.47,0.0
-5.270555556,123.5175,5.0,300.45,0.51,0.0
-5.270555556,123.5175,10.0,300.45,0.51,0.0
-5.270277778,123.5247222,9.0,300.09,1.19,1.25
-5.257333333,123.52,9.0,300.93,1.32,0.0
-5.246472222,123.54925,9.0,300.48,0.45,0.0
-5.244972222,123.5563611,8.0,300.48,1.33,0.0
-5.239722222,123.5569444,5.0,301.29,0.6,0.0
-5.239722222,123.5569444,10.0,301.29,0.6,0.0
-5.089472222,119.3173889,3.0,302.7,1.12,0.0
-5.089472222,119.3173889,10.0,302.7,1.12,3.75
-5.076666667,119.3188333,3.0,302.8,0.79,0.0
-5.076666667,119.3188333,10.0,302.8,0.79,0.0
-5.053333333,119.3315556,3.0,302.92,0.66,0.0
-5.053333333,119.3315556,10.0,302.92,0.66,0.75
-5.041583333,119.3269722,3.0,302.92,0.66,5.0
-5.041583333,119.3269722,10.0,302.92,0.66,4.0
-4.597222222,129.6680556,5.0,300.49,0.32,6.75
-4.597222222,129.6680556,10.0,300.49,0.32,3.75
-4.578055556,130.0358333,7.0,302.41,0.02,0.0
-4.529722222,129.9536111,5.0,302.42,1.07,2.25
-4.529722222,129.9536111,10.0,302.42,1.07,0.125
-4.525,129.7852778,4.0,302.03,0.37,0.0
-4.525,129.7852778,10.0,302.03,0.37,0.0
-4.525,129.7852778,5.0,301.84,0.43,18.0
-4.525,129.7852778,10.0,301.84,0.43,11.75
-4.5125,129.9083333,10.0,302.24,0.12,1.0
-4.510555556,129.9463889,5.0,302.01,0.67,25.0
-4.510555556,129.9463889,10.0,302.01,0.67,2.25
-4.510555556,129.9463889,5.0,302.19,1.14,0.0
-4.510555556,129.9463889,10.0,302.19,1.14,0.0
-4.510555556,129.9463889,5.0,301.27,0.16,0.0
-4.510555556,129.9463889,10.0,301.27,0.16,0.0
-4.505277778,129.8794444,5.0,300.39,1.0,1.75
-4.505277778,129.8794444,10.0,300.39,1.0,4.75
-4.505277778,129.8794444,5.0,302.12,1.19,13.5
-4.505277778,129.8794444,9.0,302.12,1.19,5.0
-4.499166667,129.9375,5.0,302.66,0.56,0.0
-4.499166667,129.9375,10.0,302.66,0.56,0.0
-4.497777778,129.9383333,5.0,301.32,0.12,0.0
-4.497777778,129.9383333,10.0,301.32,0.12,0.0
-4.496388889,129.9338889,5.0,300.71,0.29,0.0
-4.496388889,129.9338889,10.0,300.71,0.29,0.0
-4.487222222,129.9302778,8.0,302.49,1.34,1.25
-3.953694444,122.6494167,3.0,302.78,0.45,0.0
-3.953694444,122.6494167,10.0,302.78,0.45,0.0
-3.943083333,122.6537222,3.0,302.78,0.28,0.0
-3.943083333,122.6537222,10.0,302.78,0.28,0.0
-3.939555556,122.6593611,3.0,302.78,0.28,0.0
-3.939555556,122.6593611,10.0,302.78,0.28,0.0
-3.881666667,122.8209722,3.0,302.61,0.19,0.0
-3.881666667,122.8209722,10.0,302.61,0.19,0.0
-3.879527778,122.8166667,3.0,302.67,0.07,0.0
-3.879527778,122.8166667,10.0,302.67,0.07,0.0
-3.875583333,122.8295,3.0,302.61,0.19,0.0
-3.875583333,122.8295,10.0,302.61,0.19,0.0
-3.874194444,122.8207222,3.0,302.61,0.19,0.0
-3.874194444,122.8207222,10.0,302.61,0.19,0.0
-3.090722222,135.5634444,5.0,303.06,1.03,3.25
-3.090722222,135.5634444,12.0,303.06,1.03,10.25
-2.94125,135.6675,5.0,303.03,0.11,6.0
-2.94125,135.6675,12.0,303.03,0.11,3.25
-2.7395,120.8238889,3.0,304.11,1.25,0.0
-2.7395,120.8238889,11.0,304.11,1.25,0.0
-1.072527778,121.3295833,3.0,262.15,0.686666667,0.0
-0.992388889,100.3423333,3.0,262.15,0.1075,0.0
-0.914722222,121.6633333,2.0,302.92,0.71,0.0
-0.872888889,121.6686389,3.0,302.95,0.26,0.0
-0.863861111,121.6681111,4.0,302.95,0.26,0.0
-0.839,121.5926944,3.0,262.15,1.306666667,0.0
-0.839,121.5926944,10.0,262.15,1.306666667,0.0
-0.831111111,121.5905556,3.0,303.34,1.4,0.0
-0.747722222,119.8558611,10.0,262.15,0.0,0.0
-0.747722222,119.8558611,3.0,262.15,0.0,0.0
-0.747722222,119.8558611,3.0,262.15,0.0,0.0
-0.747722222,119.8558611,9.0,262.15,0.0,0.0
-0.735555556,119.7788889,3.0,262.15,0.0,0.0
-0.735555556,119.7788889,10.0,262.15,0.0,1.25
-0.735555556,119.7788889,3.0,262.15,0.0,0.0
-0.735555556,119.7788889,10.0,262.15,0.0,0.0
-0.726416667,119.8544444,3.0,262.15,0.0,1.75
-0.726416667,119.8544444,10.0,262.15,0.0,0.0
-0.726416667,119.8544444,3.0,262.15,0.0,1.5
-0.726416667,119.8544444,8.0,262.15,0.0,0.25
-0.721416667,119.8570833,3.0,262.15,0.0,0.5
-0.721416667,119.8570833,9.0,262.15,0.0,0.25
-0.146555556,119.8057778,3.0,262.15,0.275,2.0
-0.146555556,119.8057778,10.0,262.15,0.275,1.25
-0.103611111,119.7730556,3.0,262.15,0.212,0.25
-0.103611111,119.7730556,9.0,262.15,0.212,0.5
-0.036666667,119.7427778,3.0,301.85,1.03,0.0
-0.036666667,119.7427778,9.0,301.85,1.03,0.25
-0.035833333,119.7947222,3.0,301.86,1.07,0.0
-0.035833333,119.7947222,9.0,301.86,1.07,0.0
0.043333333,119.8725,3.0,262.15,0.036666667,1.0
0.043333333,119.8725,9.0,262.15,0.036666667,1.5
0.085222222,119.6234722,3.0,302.26,0.0,1.25
0.085222222,119.6234722,10.0,302.26,0.0,1.0
0.089166667,119.6165833,3.0,302.23,0.33,0.25
0.089166667,119.6165833,10.0,302.23,0.33,2.0
0.091388889,119.6238889,3.0,302.26,0.0,0.0
0.091388889,119.6238889,10.0,302.26,0.0,2.5
0.093611111,119.8625,3.0,262.15,0.055,0.0
0.093611111,119.8625,9.0,262.15,0.055,0.0
0.094444444,119.6141667,3.0,302.23,0.33,2.25
0.094444444,119.6141667,10.0,302.23,0.33,3.75
0.139888889,119.8083889,3.0,302.51,0.15,0.0
0.139888889,119.8083889,10.0,302.51,0.15,0.0
0.150138889,119.7991111,3.0,302.49,1.65,0.0
0.150138889,119.7991111,10.0,302.49,1.65,0.0
0.167611111,130.0156944,3.0,301.77,1.41,0.0
0.874166667,97.3725,10.0,302.8,0.9,0.0
0.918277778,97.43308333,3.0,303.06,0.96,0.0
0.918277778,97.43308333,10.0,303.06,0.96,0.0
1.410833333,97.17305556,3.0,262.15,0.36,0.0
1.410833333,97.17305556,10.0,262.15,0.36,0.0
1.410833333,97.61069444,3.0,302.98,0.61,0.0
1.410833333,97.61069444,10.0,302.98,0.61,0.0
1.435555556,97.16861111,3.0,303.16,0.82,0.0
1.435555556,97.16861111,10.0,303.16,0.82,0.0
1.6675,98.49916667,3.0,303.5,0.8,0.0
1.6675,98.49916667,10.0,303.5,0.8,0.0
1.674722222,98.76972222,3.0,303.31,0.8,0.0
1.674722222,98.76972222,10.0,303.31,0.8,0.0
1.705833333,98.47333333,3.0,262.15,0.735714286,0.0
1.705833333,98.47333333,10.0,262.15,0.735714286,0.0
1.7375,125.1519444,6.0,301.77,0.02,0.0
1.7375,125.1519444,12.0,301.77,0.02,0.0
1.7375,125.1519444,6.0,301.7,0.63,0.4375
1.7375,125.1519444,12.0,301.7,0.63,0.5
1.7375,125.1519444,6.0,301.5,1.09,0.0
1.7375,125.1519444,12.0,301.5,1.09,0.0
1.7375,125.1519444,6.0,301.5,0.29,0.0
1.7375,125.1519444,12.0,301.5,0.29,0.0
1.7375,125.1519444,6.0,301.64,1.15,7.5
1.7375,125.1519444,12.0,301.64,1.15,1.5
1.7375,125.1519444,6.0,301.43,0.44,0.0
1.7375,125.1519444,12.0,301.43,0.44,0.0
1.74,125.1438889,6.0,301.75,0.0,0.0
1.74,125.1438889,12.0,301.75,0.0,0.0
1.74,125.1438889,12.0,301.7,0.63,1.0
1.74,125.1438889,6.0,301.7,0.63,2.5
1.74,125.1438889,6.0,301.5,1.09,0.0
1.74,125.1438889,12.0,301.5,1.09,0.0
1.74,125.1438889,6.0,301.5,0.29,0.0
1.74,125.1438889,12.0,301.5,0.29,0.0
1.74,125.1438889,6.0,301.64,1.15,0.0
1.74,125.1438889,12.0,301.64,1.15,0.0
1.74,125.1438889,6.0,301.43,0.44,0.0
1.74,125.1438889,12.0,301.43,0.44,0.0
1.769722222,125.0466667,6.0,301.85,0.14,1.5
1.769722222,125.0466667,12.0,301.85,0.14,2.5
1.769722222,125.0466667,6.0,301.56,1.31,0.0
1.769722222,125.0466667,12.0,301.56,1.31,0.0
1.769722222,125.0466667,6.0,301.76,0.86,0.0
1.769722222,125.0466667,12.0,301.76,0.86,0.0
1.774722222,125.0486111,6.0,301.85,0.14,0.0
1.774722222,125.0486111,6.0,301.56,1.31,0.0
1.774722222,125.0486111,12.0,301.56,1.31,0.0
1.774722222,125.0486111,6.0,301.76,0.86,3.25
1.774722222,125.0486111,12.0,301.76,0.86,10.5
1.791388889,125.1205556,6.0,262.15,0.797142857,0.0
1.791388889,125.1205556,12.0,262.15,0.797142857,0.0
1.791388889,125.1205556,6.0,262.15,1.358571429,23.375
1.791388889,125.1205556,12.0,262.15,1.358571429,0.875
1.791388889,125.1205556,6.0,262.15,0.087142857,0.0
1.791388889,125.1205556,12.0,262.15,0.087142857,0.0
1.791388889,125.1205556,6.0,262.15,0.418571429,0.0
1.791388889,125.1205556,12.0,262.15,0.418571429,0.0
1.791388889,125.1205556,6.0,262.15,1.225714286,1.5
1.791388889,125.1205556,12.0,262.15,1.225714286,0.0
1.791388889,125.1205556,6.0,262.15,0.205714286,7.25
1.791388889,125.1205556,12.0,262.15,0.205714286,0.0
1.845833333,125.0988889,6.0,302.03,0.51,0.0
1.845833333,125.0988889,12.0,302.03,0.51,0.0
1.845833333,125.0988889,6.0,302.19,1.94,0.0
1.845833333,125.0988889,12.0,302.19,1.94,0.0
1.968444444,98.34719444,10.0,302.9,2.01,0.25
2.09125,97.08238889,3.0,262.15,0.724285714,0.0
2.09125,97.08238889,10.0,262.15,0.724285714,0.0
2.112333333,97.09325,3.0,262.15,0.724285714,0.0
2.112333333,97.09325,11.0,262.15,0.724285714,0.0
2.261666667,118.2527778,5.0,301.15,0.15,0.0
2.261666667,118.2527778,10.0,301.15,0.15,0.0
2.280555556,118.245,5.0,301.18,1.63,0.0
2.280555556,118.245,10.0,301.18,1.63,0.0
2.280555556,118.245,5.0,301.24,0.84,0.0
2.280555556,118.245,10.0,301.24,0.84,0.0
2.301916667,97.38977778,3.0,302.51,0.63,0.0
2.301916667,97.38977778,10.0,302.51,0.63,0.0
2.307138889,97.40077778,3.0,302.51,0.63,0.0
2.307138889,97.40077778,8.5,302.51,0.63,0.0
2.614027778,95.87377778,6.5,302.91,0.69,6.25
5.605861111,95.52838889,3.0,262.15,0.24,0.0
5.605861111,95.52838889,10.0,262.15,0.24,0.0
5.613416667,95.53386111,3.0,262.15,0.513333333,0.0
5.614888889,95.54908333,3.0,262.15,0.513333333,0.0
5.614888889,95.54908333,10.0,262.15,0.513333333,0.0
5.614972222,95.54922222,3.0,262.15,0.136666667,0.0
5.615277778,95.55258333,3.0,262.15,0.136666667,0.0
5.617138889,95.54436111,4.0,262.15,0.136666667,0.0
5.646611111,95.52811111,3.0,301.61,0.78,1.0
5.685333333,95.38688889,10.0,302.35,0.52,0.0
6.0725,95.12094444,3.0,301.22,1.1,0.0
6.076416667,95.11291667,3.0,301.25,1.13,0.0
6.076416667,95.11291667,10.0,301.25,1.13,0.0
-8.343944444,116.0261944,3.0,302.61,0.41,11.25
25.86877778,55.01577778,4.0,303.43,0.01,0.0
25.89347222,54.52766667,3.0,298.04,0.31,0.0
25.90047222,54.5535,4.0,298.08,0.3,0.0
25.90386111,54.49302778,3.0,298.02,0.34,0.0
26.26555556,55.28575,5.0,262.15,0.02875,0.0
26.27952778,55.3005,5.5,262.15,0.02875,4.0
26.66055556,55.91286111,4.0,295.91,0.46,0.0
17.79472222,-77.07722222,4.0,302.56,0.98,0.0
17.79472222,-77.07722222,9.0,302.56,0.98,1.25
17.79472222,-77.07722222,4.0,302.65,0.92,0.25
17.79472222,-77.07722222,3.0,302.21,0.93,0.0
17.79472222,-77.07722222,8.0,302.21,0.93,0.0
17.79472222,-77.07722222,5.0,301.49,0.17,0.0
17.79472222,-77.07722222,4.3,302.6,0.54,8.75
17.79472222,-77.07722222,5.1,300.2,0.28,0.0
17.79819444,-77.00061111,3.0,301.21,0.17,0.25
17.79819444,-77.00061111,7.0,302.5,0.71,0.25
17.79858333,-77.00380556,8.0,302.5,0.71,0.0
17.79894444,-77.01977778,4.0,302.5,0.65,0.0
17.79994444,-77.01730556,4.0,301.08,1.13,0.0
17.79994444,-77.01730556,3.0,301.57,0.05,0.0
17.79994444,-77.01730556,6.1,300.32,0.17,0.0
17.80158333,-77.04288889,9.0,301.18,1.27,0.0
17.80602778,-77.02044444,7.0,301.21,0.17,0.25
17.81266667,-77.54833333,6.0,300.75,0.5,1.5
17.81266667,-77.54833333,7.0,300.75,0.5,3.25
17.82944444,-76.98488889,3.0,262.15,0.03,0.25
17.83230556,-76.92216667,4.0,262.15,0.0625,0.0
17.83230556,-76.92216667,4.0,262.15,0.7375,2.5
17.83230556,-76.92216667,4.0,262.15,0.69,0.0
17.83230556,-76.92216667,5.0,262.15,1.04,0.0
17.83230556,-76.92216667,5.0,262.15,0.635,0.0
17.83230556,-76.92216667,4.7,262.15,0.165,6.75
17.83230556,-76.92216667,5.6,262.15,0.9525,0.0
17.90186111,-76.84588889,4.0,301.17,0.02,87.5
17.90186111,-76.84588889,7.0,301.17,0.02,82.5
17.90186111,-76.84588889,5.0,300.28,0.12,47.5
17.90186111,-76.84588889,7.0,300.28,0.12,60.0
17.90186111,-76.84588889,6.0,299.9,0.08,0.25
17.90186111,-76.84588889,8.0,299.9,0.08,0.25
17.90186111,-76.84588889,8.0,302.41,0.43,20.0
17.90186111,-76.84588889,5.0,301.25,0.0,0.0
17.90186111,-76.84588889,9.0,301.25,0.0,0.0
17.90186111,-76.84588889,8.0,302.36,0.44,1.25
17.90186111,-76.84588889,8.6,302.49,0.05,1.5
17.91908333,-76.81836111,5.0,300.9,0.01,0.25
17.91908333,-76.81836111,8.0,300.9,0.01,0.75
17.91961111,-76.81888889,6.0,300.47,0.42,0.0
17.91961111,-76.81888889,6.0,301.15,0.02,1.0
17.91961111,-76.81888889,8.0,301.15,0.02,1.0
17.91988889,-76.81994444,9.0,302.3,0.69,15.0
17.91988889,-76.81994444,6.0,299.96,0.43,2.5
17.91988889,-76.81994444,4.7,302.39,0.32,8.25
17.91988889,-76.81994444,7.1,302.39,0.05,0.0
17.92405556,-76.83775,5.0,300.41,0.64,0.0
17.93191667,-76.83572222,10.0,300.41,0.64,0.0
18.02002778,-76.26880556,9.0,302.51,1.11,0.5
18.09091667,-77.97747222,7.6,262.15,0.22,0.0
18.09902778,-77.98786111,6.5,262.15,0.703333333,7.5
18.09994444,-77.98613889,6.1,262.15,0.22,0.0
18.12191667,-78.01822222,6.0,262.15,0.445,13.75
18.12191667,-78.01822222,6.1,262.15,0.135,0.25
18.13647222,-78.03825,6.0,300.89,0.29,1.25
18.13647222,-78.03825,7.9,300.65,0.83,2.75
18.13647222,-78.03825,8.0,302.62,0.48,2.75
18.17277778,-76.37322222,8.0,302.48,0.83,1.0
18.17475,-76.38736111,7.0,301.72,2.26,0.0
18.17530556,-76.39138889,4.0,301.02,0.82,6.25
18.17530556,-76.39138889,6.0,302.24,0.13,15.0
18.17530556,-76.39138889,4.0,301.21,2.61,0.0
18.18138889,-76.41855556,8.0,302.47,0.38,0.0
18.19147222,-78.12288889,8.3,301.69,0.0,4.5
18.19169444,-76.45461111,8.0,262.15,0.365,10.0
18.19169444,-76.45461111,8.0,262.15,0.555,0.0
18.19169444,-76.45461111,9.0,262.15,2.7375,0.0
18.19169444,-76.45461111,7.0,262.15,1.9375,0.0
18.20947222,-78.25961111,6.0,262.15,0.693333333,0.0
18.20947222,-78.25961111,9.0,262.15,0.693333333,3.75
18.20947222,-78.25961111,8.0,262.15,1.346666667,25.0
18.20947222,-78.25961111,5.0,262.15,1.346666667,33.75
18.20947222,-78.25961111,5.4,262.15,0.373333333,0.0
18.20947222,-78.25961111,8.5,262.15,0.373333333,0.0
18.20947222,-78.25961111,7.5,262.15,0.336666667,0.25
18.20947222,-78.25961111,7.5,262.15,0.176666667,3.0
18.21533333,-78.26527778,3.0,262.15,0.363333333,1.0
18.21533333,-78.26527778,10.0,262.15,0.363333333,0.0
18.21533333,-78.26527778,3.0,262.15,0.68,0.0
18.21533333,-78.26527778,7.0,262.15,0.68,0.0
18.21694444,-78.26669444,5.0,262.15,1.376666667,0.5
18.21694444,-78.26669444,8.0,262.15,1.376666667,0.0
18.21694444,-78.26669444,3.0,262.15,0.66,5.0
18.21694444,-78.26669444,9.0,262.15,0.66,6.0
18.21966667,-78.26538889,3.0,262.15,0.68,0.0
18.21966667,-78.26538889,10.0,262.15,0.68,1.0
18.25430556,-78.36730556,4.0,302.79,1.75,0.0
18.25430556,-78.36730556,10.0,302.79,1.75,0.0
18.25722222,-78.36772222,5.0,302.76,0.09,0.0
18.25722222,-78.36772222,10.0,302.76,0.09,0.0
18.26180556,-78.36627778,5.0,302.5,0.95,0.5
18.26180556,-78.36627778,9.0,302.5,0.95,3.0
18.26180556,-78.36627778,6.0,302.35,1.22,5.0
18.26180556,-78.36627778,10.0,302.35,1.22,7.5
18.26180556,-78.36627778,12.0,302.62,0.34,2.5
18.26180556,-78.36627778,8.0,302.5,0.56,0.0
18.26180556,-78.36627778,8.5,302.53,0.74,1.0
18.26180556,-78.36627778,8.6,302.32,0.32,0.0
18.26180556,-78.36627778,8.8,302.79,0.69,0.0
18.26525,-78.36913889,3.0,300.03,0.68,0.0
18.26525,-78.36913889,10.0,300.03,0.68,10.0
18.29413889,-76.79072222,4.0,262.15,1.09,21.25
18.29413889,-76.79072222,8.0,262.15,0.146666667,0.75
18.30038889,-76.79327778,8.0,262.15,1.09,26.25
18.30038889,-76.79327778,6.0,262.15,0.146666667,0.0
18.30869444,-76.79755556,8.0,262.15,1.09,22.5
18.30869444,-76.79755556,6.0,262.15,0.333333333,10.0
18.31369444,-78.35602778,10.0,300.82,0.19,60.0
18.31369444,-78.35602778,10.0,300.82,0.19,60.0
18.31369444,-78.35602778,10.0,300.82,0.19,55.0
18.31755556,-78.351,3.0,300.0,0.5,10.0
18.31813889,-78.35188889,3.0,302.49,0.88,0.25
18.32938889,-78.34872222,3.0,301.94,0.95,4.0
18.34194444,-78.35569444,10.0,301.73,0.8,4.0
18.34194444,-78.35569444,5.0,302.47,0.15,0.0
18.34194444,-78.35569444,11.0,302.47,0.15,0.0
18.34194444,-78.35569444,5.0,302.13,1.04,1.25
18.34194444,-78.35569444,9.0,302.13,1.04,22.5
18.34225,-78.35558333,6.6,302.47,0.6,2.5
18.34225,-78.35558333,12.1,302.47,0.6,2.5
18.34225,-78.35558333,8.0,301.31,0.39,0.25
18.34225,-78.35558333,8.0,302.31,0.66,0.0
18.34225,-78.35558333,8.4,302.72,0.68,0.75
18.34225,-78.35558333,8.2,302.79,0.47,0.0
18.34316667,-78.34383333,3.0,300.16,0.46,10.0
18.34316667,-78.34383333,5.0,302.31,0.79,5.5
18.3447,-78.3535,6.5,302.31,0.79,5.0
18.3447,-78.3535,10.0,302.31,0.79,3.25
18.34575,-78.35336111,8.0,302.12,0.14,5.0
18.34580556,-78.35336111,4.0,302.79,0.76,0.0
18.34580556,-78.35336111,10.0,302.79,0.76,0.25
18.34580556,-78.35336111,3.0,300.16,0.46,10.0
18.34580556,-78.35336111,10.0,300.16,0.46,10.0
18.34897222,-78.34955556,6.0,302.12,0.14,6.25
18.36088889,-78.34327778,4.0,302.79,0.76,0.0
18.36088889,-78.34327778,8.0,302.79,0.76,1.0
18.36088889,-78.34327778,5.0,302.31,0.79,4.25
18.36088889,-78.34327778,10.0,302.31,0.79,10.75
18.36088889,-78.34327778,5.0,302.47,0.15,0.0
18.36088889,-78.34327778,9.0,302.47,0.15,0.0
18.36088889,-78.34327778,5.0,302.13,1.04,0.0
18.36088889,-78.34327778,10.0,302.13,1.04,1.25
18.36088889,-78.34327778,5.5,302.47,0.6,5.0
18.36088889,-78.34327778,9.0,302.47,0.6,0.0
18.36088889,-78.34327778,6.0,301.31,0.39,0.75
18.36088889,-78.34327778,7.8,302.72,0.68,0.5
18.36088889,-78.34327778,7.4,302.79,0.47,0.0
18.40875,-76.96736111,5.0,262.15,0.65,0.25
18.40980556,-76.97880556,11.2,262.15,0.446666667,0.0
18.40980556,-76.97880556,9.4,262.15,1.386666667,0.0
18.41083333,-76.94852778,4.0,262.15,1.386666667,0.0
18.41083333,-76.94852778,5.0,262.15,1.146666667,0.0
18.41083333,-76.94852778,7.3,262.15,0.526666667,0.0
18.41083333,-76.94852778,9.1,262.15,1.606666667,0.0
18.41194444,-76.99172222,7.0,262.15,0.66,0.5
18.41194444,-76.99172222,7.0,262.15,0.993333333,0.0
18.41197222,-76.94722222,8.0,262.15,1.386666667,0.0
18.412,-76.99152778,10.0,262.15,1.293333333,0.0
18.41227778,-76.99269444,11.0,262.15,0.3,0.0
18.41238889,-76.94536111,6.0,262.15,1.146666667,0.0
18.41238889,-76.94536111,6.2,262.15,0.526666667,0.0
18.41238889,-76.94536111,9.3,262.15,0.616666667,0.0
18.41305556,-76.94402778,6.0,301.45,1.16,0.5
18.41305556,-76.94402778,12.7,302.28,0.62,0.0
18.41305556,-76.94402778,7.5,301.86,0.47,0.0
18.41336111,-78.27019444,7.0,302.51,0.96,0.0
18.41388889,-76.94233333,10.0,301.72,1.81,0.0
18.41511111,-77.12405556,4.7,302.12,0.14,0.0
18.41511111,-77.12405556,5.5,302.27,0.52,18.75
18.41661111,-77.079,4.0,302.3,0.41,0.0
18.41661111,-77.079,4.4,302.38,0.38,2.5
18.42077778,-77.13855556,6.0,302.27,0.52,1.25
18.42455556,-78.25083333,12.0,302.51,0.96,5.0
18.44,-77.16027778,9.6,262.15,0.125,1.25
18.44,-77.16027778,8.0,262.15,0.515,10.75
18.44,-77.16027778,8.9,262.15,0.5225,0.0
18.45288889,-77.96747222,5.0,262.15,0.686666667,0.25
18.45819444,-78.07516667,11.0,302.25,0.44,0.0
18.46355556,-77.35730556,3.0,300.16,0.07,45.0
18.46355556,-77.35730556,10.0,300.16,0.07,55.0
18.46355556,-77.35730556,6.0,301.85,0.03,1.5
18.46355556,-77.35730556,10.0,301.85,0.03,6.75
18.46355556,-77.35730556,4.0,301.85,0.27,3.25
18.46355556,-77.35730556,9.0,301.85,0.27,0.5
18.46355556,-77.35730556,6.4,302.03,0.8,10.0
18.46355556,-77.35730556,10.0,302.03,0.8,3.75
18.46355556,-77.35730556,10.0,301.65,0.07,0.0
18.46355556,-77.35730556,5.0,302.36,0.2,0.5
18.46355556,-77.35730556,8.0,302.44,0.37,0.0
18.46530556,-77.41386111,6.0,301.86,0.47,3.25
18.46530556,-77.41386111,10.0,301.86,0.47,4.25
18.46636111,-77.94736111,7.0,300.29,0.05,1.5
18.46636111,-77.94736111,6.0,302.44,0.27,0.0
18.46683333,-78.01530556,9.0,301.92,1.12,0.25
18.46744444,-78.12141667,7.0,302.27,0.71,0.75
18.46783333,-77.39383333,10.0,300.32,0.09,90.0
18.46788889,-77.38847222,10.0,301.67,1.16,1.75
18.46788889,-77.38847222,7.0,301.67,0.52,11.25
18.46788889,-77.38847222,10.5,301.81,1.47,18.75
18.46788889,-77.38847222,10.0,301.53,0.6,0.0
18.46894444,-77.39066667,9.0,302.36,0.1,1.25
18.46894444,-77.39066667,10.0,302.37,0.31,0.0
18.46944444,-77.4075,10.0,300.45,0.03,10.0
18.4725,-77.41,10.0,299.74,0.19,10.0
18.4725,-77.41,10.0,301.86,0.47,5.0
18.47283333,-77.41188889,10.0,301.86,0.47,7.5
18.47283333,-77.41188889,9.9,302.04,1.26,12.5
18.47313889,-77.41375,10.0,301.86,0.47,1.0
18.47697222,-77.45119444,10.0,262.15,0.08,25.0
18.48669444,-77.93119444,4.0,302.44,0.27,0.0
18.48858333,-77.50958333,4.0,262.15,0.023333333,0.0
18.49488889,-77.93377778,2.0,300.29,0.05,0.0
18.49488889,-77.93377778,6.0,302.24,0.71,0.0
18.49594444,-77.63316667,3.0,300.79,0.0,0.5
18.49619444,-77.63694444,7.0,302.1,0.5,0.5
18.49619444,-77.63694444,8.0,300.16,0.62,0.25
18.49619444,-77.63694444,8.0,300.16,0.14,0.0
18.49619444,-77.63694444,9.0,300.79,0.08,4.0
18.49780556,-77.93280556,5.0,300.3,0.05,0.5
18.49780556,-77.93280556,6.0,302.49,0.21,1.25
18.49780556,-77.93280556,7.0,302.45,0.34,1.0
18.49780556,-77.93280556,6.0,302.28,0.58,0.5
18.49780556,-77.93280556,8.9,301.95,0.29,11.25
18.49872222,-77.63888889,10.0,302.1,0.5,0.25
18.49872222,-77.63888889,9.0,300.16,0.62,1.0
18.49872222,-77.63888889,10.0,300.16,0.14,0.0
18.49872222,-77.63888889,11.3,300.79,0.08,0.75
18.49991667,-77.64594444,6.0,302.1,0.5,0.25
18.49991667,-77.64594444,6.0,300.16,0.62,0.25
18.50061111,-77.93105556,4.0,300.3,0.05,0.0
24.28188889,123.7332778,6.0,297.46,0.56,0.0
24.28188889,123.7332778,10.0,297.46,0.56,0.0
24.28188889,123.7332778,6.0,302.03,1.2,0.0
24.28188889,123.7332778,10.0,302.03,1.2,0.0
24.28188889,123.7332778,6.0,297.46,0.79,0.0
24.28188889,123.7332778,10.0,297.46,0.79,0.0
24.28570278,123.7318889,6.0,297.46,0.36,0.0
24.28570278,123.7318889,10.0,297.46,0.36,0.0
24.28570278,123.7318889,6.0,297.12,1.12,0.0
24.28570278,123.7318889,10.0,297.12,1.12,0.0
24.28570278,123.7318889,6.0,297.12,0.01,0.0
24.28570278,123.7318889,9.0,297.12,0.01,0.0
24.28570278,123.7318889,6.0,296.86,0.75,0.0
24.28570278,123.7318889,9.0,296.86,0.75,0.0
24.32213889,124.1733611,5.0,296.83,0.81,0.0
24.32213889,124.1733611,10.0,296.83,0.81,0.0
24.34018333,123.692925,3.0,302.14,0.01,0.0
24.34018333,123.692925,10.0,302.14,0.01,0.0
24.35463889,123.7153056,4.0,298.61,0.6,0.0
24.35463889,123.7153056,7.0,298.61,0.6,0.0
24.36746111,123.9760972,6.0,301.89,1.2,0.0
24.36746111,123.9760972,9.0,301.89,1.2,0.0
24.36746111,123.9760972,3.0,301.89,0.26,0.0
24.36746111,123.9760972,6.0,301.89,0.26,0.0
24.36746111,123.9760972,5.0,301.89,0.45,0.0
24.36746111,123.9760972,8.0,301.89,0.45,0.0
24.37166667,123.9744444,3.0,301.94,0.13,0.0
24.37166667,123.9744444,6.0,301.94,0.13,0.0
24.37166667,123.9744444,3.0,302.07,0.05,0.0
24.37166667,123.9744444,6.0,302.07,0.05,0.0
24.37166667,123.9744444,3.0,302.07,0.42,0.0
24.37166667,123.9744444,6.0,302.07,0.42,0.0
24.37166667,123.9744444,5.0,302.15,0.18,0.0
24.37166667,123.9744444,6.0,302.15,0.18,0.0
24.37166667,123.9744444,6.0,302.15,1.65,0.0
24.37166667,123.9744444,8.0,302.15,1.65,0.0
24.98411111,125.2846944,3.0,301.52,0.47,0.0
24.98411111,125.2846944,10.0,301.52,0.47,0.0
24.98411111,125.2846944,3.0,301.99,1.64,0.0
24.98411111,125.2846944,10.0,301.99,1.64,0.0
24.99841667,125.2704167,3.0,296.04,0.26,0.0
24.99841667,125.2704167,10.0,296.04,0.26,0.0
24.99841667,125.2704167,3.0,301.35,0.21,0.0
24.99841667,125.2704167,10.0,301.35,0.21,0.0
24.99936111,125.2726944,3.0,296.35,1.0,0.0
24.99936111,125.2726944,10.0,296.35,1.0,0.0
26.09858333,127.7083889,3.0,262.15,0.31,0.0
26.09858333,127.7083889,10.0,262.15,0.31,0.5
26.18638889,127.3433889,2.0,262.15,0.6875,0.0
26.18638889,127.3433889,6.0,262.15,0.6875,0.0
26.19794444,127.29125,2.0,298.02,0.7,0.0
26.21494444,127.2876389,5.0,298.01,0.88,0.0
26.21494444,127.2876389,10.0,298.01,0.88,0.0
26.21494444,127.2876389,5.0,297.64,1.28,0.0
26.21494444,127.2876389,10.0,297.64,1.28,0.0
26.32461111,127.7437778,10.0,262.15,0.07,0.0
26.32461111,127.7437778,10.0,262.15,0.07,0.0
26.50677778,128.0669444,3.0,301.89,1.12,3.0
26.50677778,128.0669444,10.0,301.89,1.12,3.0
27.05672222,128.4112778,5.0,262.15,0.66875,0.0
27.05672222,128.4112778,10.0,262.15,0.66875,0.0
32.94027778,132.4252778,9.0,293.49,0.6,0.0
32.94027778,132.4252778,9.0,292.98,0.81,0.0
32.94444444,132.4508333,3.0,293.56,0.79,0.0
32.94444444,132.4508333,3.0,293.04,0.69,0.0
33.34444444,135.6966667,3.0,297.75,1.58,0.0
33.34444444,135.6966667,10.0,297.75,1.58,0.0
33.34444444,135.6966667,3.0,297.75,0.57,0.0
33.34444444,135.6966667,10.0,297.75,0.57,0.0
33.69238889,135.3246944,3.0,262.15,0.826,0.0
33.69238889,135.3246944,7.0,262.15,0.826,0.0
33.69238889,135.3246944,4.5,262.15,0.066,0.0
33.69238889,135.3246944,8.0,262.15,0.066,0.0
33.71986111,135.3249444,5.0,292.06,0.42,0.0
33.71986111,135.3249444,10.0,292.06,0.42,0.0
33.71986111,135.3249444,5.0,290.89,0.62,0.0
33.71986111,135.3249444,10.0,290.89,0.62,0.0
34.0525,139.4836111,4.4,298.02,1.05,0.1
34.0525,139.4836111,5.0,292.9,0.9,0.0
34.05611111,139.4811111,5.0,294.51,2.52,2.5
34.05611111,139.4811111,5.0,299.94,2.45,0.0
34.05611111,139.4811111,5.0,298.02,1.04,0.0
34.0975,139.485,10.0,262.15,2.074285714,0.0
34.0975,139.485,10.0,262.15,2.111428571,0.0
34.0975,139.485,10.0,262.15,1.272857143,0.0
34.0975,139.485,10.0,262.15,0.29,0.0
34.09805556,139.488,7.0,262.15,1.39,0.0
29.40102778,34.96678889,5.0,262.15,0.183333333,0.25
29.40102778,34.96678889,10.0,262.15,0.183333333,0.5
29.4285,34.97302778,5.0,262.15,0.235,0.25
29.4285,34.97302778,10.0,262.15,0.235,1.75
29.45027778,34.96969444,5.0,262.15,0.235,0.0
29.45027778,34.96969444,10.0,262.15,0.235,0.0
-3.266666667,40.13333333,3.0,297.56,0.44,5.0
-3.266666667,40.15,3.0,297.56,0.44,0.0
-3.262777778,40.13413889,3.0,297.79,1.05,1.75
-3.259138889,40.14177778,3.0,297.56,0.44,3.0
-3.259055556,40.14516667,3.0,297.79,1.05,0.0
-3.25,40.15,3.0,297.56,0.44,0.75
28.81577778,48.77394444,5.0,303.21,0.78,0.5
28.81577778,48.77394444,9.0,303.21,0.78,0.25
-23.15061111,43.57127778,5.0,297.46,0.0,3.75
-23.15061111,43.57127778,10.5,297.46,0.0,2.0
-23.15030556,43.07127778,5.5,299.9,0.58,0.0
-23.15030556,43.07127778,8.5,300.21,0.43,0.0
-22.9555,43.20905556,10.0,297.64,0.05,25.0
-22.12536111,43.19758333,9.0,297.8,0.27,0.5
-22.12286111,43.19713889,10.0,297.8,0.28,0.0
-13.32258333,48.15591667,6.0,302.24,0.49,0.0
-13.02808333,48.53516667,13.0,300.74,0.63,0.0
-13.02583333,48.538,6.0,300.76,0.2,0.0
1.733527778,110.0834444,3.0,304.01,1.0,2.5
1.736388889,110.085,5.5,303.37,0.14,0.0
1.787527778,110.1620556,5.5,303.89,1.07,2.5
1.787527778,110.1620556,4.7,302.96,0.83,28.75
1.878416667,109.7599167,6.7,303.19,0.97,0.0
1.894194444,109.7704167,5.0,303.62,0.99,5.0
1.894611111,109.7663889,6.0,303.62,0.99,1.25
1.915944444,109.7744167,3.9,303.19,0.97,0.0
1.915944444,109.7744167,6.0,303.62,0.99,0.0
1.917583333,109.7799444,5.1,303.17,1.02,0.0
1.917583333,109.7799444,6.5,303.61,1.07,0.0
2.172888889,104.1120278,5.5,302.09,0.5,0.0
2.172888889,104.1120278,5.5,302.12,1.31,0.0
2.178277778,104.1092222,3.5,302.12,1.31,0.0
2.183555556,104.0957222,3.0,302.09,0.5,0.0
2.184,104.1068333,8.0,301.73,1.27,0.0
2.184,104.1068333,8.0,302.09,0.5,0.0
2.184,104.1068333,8.0,302.35,1.04,0.0
2.184,104.1068333,7.5,302.12,1.31,0.0
2.187805556,104.0981389,4.0,302.09,0.5,0.0
2.187805556,104.0981389,4.0,302.35,1.04,0.0
2.187805556,104.0981389,4.0,302.12,1.31,0.0
2.226111111,104.0530556,2.5,302.08,1.34,0.0
2.231,104.0521667,7.0,302.11,0.52,0.0
2.231,104.0521667,7.0,302.35,0.84,0.0
2.231,104.0521667,6.5,302.08,1.34,0.0
2.234527778,104.0610278,7.0,302.11,0.52,0.0
2.271166667,104.1273333,7.0,302.26,0.62,0.0
2.271166667,104.1273333,7.0,301.95,1.56,0.0
2.271166667,104.1273333,6.6,302.18,0.16,0.25
2.273333333,104.1156667,4.0,302.26,0.62,0.0
2.273333333,104.1156667,4.0,302.05,0.29,0.0
2.273333333,104.1156667,3.5,302.18,0.16,0.0
2.303,104.149,6.0,302.3,0.87,0.0
2.303,104.149,6.0,301.97,1.01,0.0
2.303,104.149,5.0,302.28,1.53,0.0
2.313166667,104.1258333,5.0,301.97,1.01,0.0
2.313166667,104.1258333,5.0,302.28,1.53,0.0
2.428694444,104.5384167,6.5,302.3,0.43,0.0
2.436083333,104.5481944,8.0,302.01,0.62,0.0
2.436083333,104.5481944,10.0,301.71,0.25,0.0
2.459555556,104.4875278,5.0,301.95,0.57,0.0
2.459555556,104.4875278,2.5,302.08,0.07,0.0
2.459555556,104.4875278,9.4,301.63,0.17,0.0
2.459555556,104.4875278,5.0,302.63,0.94,0.0
2.459555556,104.4875278,10.0,302.63,0.94,0.0
2.459888889,104.4893056,5.1,302.25,0.37,0.0
2.461194444,104.5266667,7.6,302.25,0.37,0.0
2.466722222,104.5331111,3.5,302.08,0.07,0.0
2.466722222,104.5331111,7.0,302.08,0.07,0.0
2.4695,104.50775,10.0,301.91,0.55,0.0
2.4695,104.50775,7.9,301.62,0.1,0.0
2.469555556,104.50925,3.0,301.62,0.1,0.0
2.471194444,104.5105556,5.0,301.91,0.55,0.0
2.471194444,104.5105556,9.8,302.07,0.13,0.0
2.471194444,104.5105556,5.0,302.07,0.13,0.0
2.472305556,104.5138889,3.6,302.07,0.13,0.0
2.477527778,104.5045278,7.0,302.25,0.37,0.0
2.477583333,104.5037222,5.0,302.6,1.0,0.0
2.477583333,104.5037222,10.0,302.6,1.0,0.0
2.544472222,103.9250833,5.0,302.19,0.78,0.0
2.570611111,104.3217778,3.0,301.06,0.16,0.0
2.573611111,104.325,3.0,302.93,1.01,0.0
2.573611111,104.325,3.5,302.13,0.31,0.0
2.579361111,104.31575,4.0,303.04,0.4,0.0
2.579361111,104.31575,4.0,302.01,0.25,0.0
2.579361111,104.31575,4.0,301.07,0.15,0.0
2.581416667,104.3375,8.0,303.02,0.46,0.0
2.5815,104.3353333,10.0,303.02,0.46,0.0
2.5815,104.3353333,10.0,302.13,0.31,0.0
2.58175,104.3125,5.0,303.04,0.4,0.0
2.584444444,104.3363333,10.0,300.99,0.28,0.0
2.596666667,104.32725,10.0,302.94,0.92,0.0
2.596666667,104.32725,10.0,302.0,0.09,0.0
2.596666667,104.32725,10.0,300.99,0.28,0.0
2.661444444,104.1664444,7.0,303.05,1.08,0.0
2.668777778,104.1753056,7.0,302.99,1.17,0.0
2.668777778,104.1753056,8.0,301.99,0.1,0.0
2.668777778,104.1753056,8.0,301.91,0.24,0.0
2.668777778,104.1753056,8.5,301.04,0.09,0.0
2.671694444,103.9105,5.0,303.1,0.09,0.0
2.672388889,103.9126944,4.0,303.1,0.09,0.0
2.718166667,104.2081944,4.0,302.96,0.0,0.0
2.718166667,104.2081944,7.0,302.96,0.0,0.0
2.719083333,104.1516944,6.0,302.98,0.38,0.0
2.732138889,104.1354167,5.0,303.01,0.15,0.0
2.740166667,104.1316389,4.0,302.68,0.29,0.0
2.741083333,104.2180556,6.0,301.92,1.25,0.0
2.741527778,104.2178056,7.0,302.1,0.3,0.0
2.750888889,104.22025,11.0,302.95,0.91,0.0
2.758361111,104.1991667,5.0,302.21,0.31,0.0
2.759888889,104.2218889,6.5,301.74,2.61,0.0
2.760305556,104.2204444,9.0,303.06,0.24,0.0
2.779305556,104.2126667,6.0,301.74,2.61,0.0
2.779305556,104.2126667,6.0,302.96,0.34,0.0
2.779305556,104.2126667,6.0,302.19,2.1,0.0
2.780861111,104.2103056,12.0,302.95,0.91,0.0
2.789805556,104.1166667,6.0,262.15,0.43,0.25
2.792388889,104.1230278,8.4,262.15,0.22,0.0
2.792388889,104.1230278,6.0,262.15,1.335,0.0
2.792388889,104.1230278,8.0,262.15,0.11,0.0
2.792388889,104.1230278,7.7,262.15,0.13,0.0
2.792388889,104.1230278,7.0,262.15,0.4525,0.0
2.792388889,104.1230278,8.0,262.15,0.155,0.0
2.792388889,104.1230278,8.0,262.15,0.44,0.0
2.795722222,104.2143611,4.0,303.1,0.26,0.0
2.795722222,104.2143611,5.0,303.1,0.26,0.0
2.803972222,104.2098056,11.0,303.12,0.41,0.0
2.809361111,104.1354167,7.0,262.15,0.2775,0.0
2.809361111,104.1354167,10.6,262.15,0.22,0.0
2.809361111,104.1354167,6.0,262.15,1.335,15.0
2.809361111,104.1354167,5.0,262.15,0.0825,0.0
2.809361111,104.1354167,5.5,262.15,0.91,0.0
2.809472222,104.1353056,6.0,262.15,0.4525,0.0
2.81,104.1365,6.0,262.15,2.0125,0.0
2.81,104.1365,5.0,262.15,0.25,0.0
2.81,104.1365,9.0,262.15,0.25,0.0
2.81,104.1365,8.0,262.15,0.165,0.0
2.81,104.1365,8.0,262.15,0.8875,0.0
2.81,104.1365,8.0,262.15,1.28,0.0
2.810472222,104.1356111,7.3,262.15,0.2775,0.0
2.810527778,104.1362778,10.0,262.15,0.89,0.0
2.811388889,104.1360556,6.5,262.15,0.22,0.0
2.811388889,104.1360556,6.0,262.15,0.0475,0.0
2.815027778,104.1518333,5.0,262.15,0.91,0.0
2.816,104.1510278,5.0,262.15,0.41,0.0
2.816,104.1510278,5.0,262.15,0.0625,0.0
2.816,104.1510278,6.5,262.15,0.13,0.0
2.816,104.1510278,5.0,262.15,0.4525,0.0
2.816,104.1510278,6.0,262.15,0.3725,0.0
2.816694444,104.1508889,6.0,262.15,0.22,0.0
2.816694444,104.1508889,9.2,262.15,1.335,0.0
2.816694444,104.1508889,5.0,262.15,0.0825,0.0
2.816694444,104.1508889,8.0,262.15,0.91,0.0
2.818111111,104.1539444,6.0,262.15,0.8875,0.0
2.818111111,104.1539444,5.0,262.15,0.4525,0.0
2.824055556,104.1882222,5.5,262.15,0.23,0.0
2.824166667,104.1573889,9.0,262.15,2.3825,0.0
2.824166667,104.1573889,8.0,262.15,0.55,0.0
2.824166667,104.1573889,8.0,262.15,0.0475,0.0
2.824166667,104.1573889,7.7,262.15,0.095,0.0
2.824166667,104.1573889,6.0,262.15,1.6175,30.0
2.824166667,104.1573889,9.0,262.15,0.3275,0.0
2.824166667,104.1573889,11.0,262.15,0.175,0.0
2.824166667,104.1573889,6.0,262.15,0.285,0.0
2.824166667,104.1573889,7.0,262.15,0.1425,0.0
2.824166667,104.1573889,7.7,262.15,0.5925,0.0
2.824166667,104.1573889,6.0,262.15,0.6575,0.0
2.824166667,104.1573889,8.0,262.15,0.835,0.0
2.826944444,104.1573889,7.5,262.15,0.08,0.0
2.874277778,104.1875556,6.0,262.15,0.201666667,0.0
2.874277778,104.1875556,5.0,262.15,0.94,1.0
2.874611111,104.1864444,4.0,303.15,1.62,0.0
2.874611111,104.1864444,7.0,303.15,1.62,0.0
2.874666667,104.1468333,8.0,303.11,0.96,0.0
2.874666667,104.1468333,6.0,303.09,0.26,0.25
2.874666667,104.1468333,5.0,302.18,0.97,0.0
2.874666667,104.1468333,5.5,302.17,0.75,0.0
2.874944444,104.1508611,2.1,301.88,0.12,0.0
2.875861111,104.1481944,8.0,301.72,0.97,0.0
2.876027778,104.1480278,6.0,302.26,0.26,0.25
2.876027778,104.1480278,3.4,301.88,0.12,0.0
2.876027778,104.1480278,4.0,302.85,0.71,15.0
2.876027778,104.1480278,5.0,301.84,1.38,0.0
2.888388889,104.0672222,7.0,301.72,0.56,0.0
2.888388889,104.0672222,7.0,303.22,0.68,0.0
2.888638889,104.0653333,7.0,302.59,0.28,0.0
2.888638889,104.0653333,5.5,302.37,1.16,12.5
2.897944444,104.0495556,4.0,303.17,0.29,0.0
2.897944444,104.0495556,8.0,303.17,0.29,0.0
2.898055556,104.0516667,6.5,302.1,1.79,0.0
2.898055556,104.0516667,8.0,302.59,0.28,0.0
2.898055556,104.0516667,8.5,302.37,1.16,0.0
2.900194444,104.0508611,12.0,303.22,0.68,0.0
2.902305556,104.1024722,7.5,302.35,0.44,0.0
2.902305556,104.1024722,7.7,302.58,0.7,0.0
2.903611111,104.1133333,6.5,302.17,1.48,0.0
2.903888889,104.1043889,8.5,302.4,1.03,31.75
2.910833333,104.1125556,6.0,302.58,0.52,0.0
2.910833333,104.1125556,5.0,302.4,1.03,0.5
2.913222222,104.1834111,5.0,302.95,0.25,0.0
2.913222222,104.1834111,9.0,302.95,0.25,0.0
2.913222222,104.1834111,6.0,303.04,0.55,0.0
2.914861111,104.1084444,7.5,302.35,0.44,0.0
2.914861111,104.1084444,8.0,301.98,0.23,0.0
2.914861111,104.1084444,7.0,302.4,1.03,5.0
2.931972222,104.0971389,5.0,303.19,0.38,0.0
2.931972222,104.0971389,9.5,303.19,0.38,0.0
2.932444444,104.0969167,7.4,301.86,0.2,0.0
2.932444444,104.0969167,12.0,303.2,0.31,0.0
2.932444444,104.0969167,9.7,303.16,0.55,0.0
2.932444444,104.0969167,9.7,302.32,1.17,1.25
3.950833333,113.5116667,15.0,303.31,0.74,0.0
3.964444444,113.5388889,12.5,303.3,0.6,0.0
3.965555556,113.5405556,10.4,303.3,0.6,0.0
3.994166667,100.5341389,6.0,303.02,0.84,0.25
3.9945,100.5356944,5.0,302.94,0.67,0.0
4.001638889,100.5490833,5.0,303.22,0.1,0.0
4.001638889,100.5490833,5.0,303.07,1.49,0.0
4.002694444,100.5448889,5.0,302.76,1.18,0.0
4.002694444,100.5466944,5.0,302.99,0.42,0.0
4.002694444,100.5466944,5.0,303.22,0.1,0.0
4.002694444,100.5466944,5.0,303.07,1.49,0.0
4.0065,100.5348056,5.0,302.99,0.42,0.0
4.0065,100.5348056,5.0,303.22,0.1,0.0
4.0065,100.5348056,4.5,303.07,1.49,0.0
4.011388889,100.5351111,5.0,302.99,0.42,0.0
4.011388889,100.5351111,5.0,303.22,0.1,0.0
4.011388889,100.5351111,5.0,303.07,1.49,0.0
4.012194444,100.5448889,5.0,302.76,1.18,0.0
4.012194444,100.5448889,5.0,302.99,0.42,0.0
4.012194444,100.5448889,5.0,303.22,0.1,0.0
4.012194444,100.5448889,5.5,303.07,1.49,0.0
4.022388889,100.5478889,5.0,302.76,1.18,0.0
4.022388889,100.5478889,5.0,302.99,0.42,0.0
4.022388889,100.5478889,5.0,303.22,0.1,0.0
4.022388889,100.5478889,5.0,303.07,1.49,0.0
4.028611111,100.5436944,5.0,302.76,1.18,0.0
4.032111111,100.55,5.0,302.76,1.18,0.0
4.032111111,100.55,5.0,302.99,0.42,0.0
4.032111111,100.55,5.0,303.22,0.1,0.0
4.032111111,100.55,3.5,303.07,1.49,0.0
4.0575,100.5396944,5.0,302.98,0.72,0.0
4.0575,100.5396944,5.0,303.21,0.27,0.0
4.0575,100.5396944,4.0,303.06,1.98,0.25
4.104277778,118.6315833,5.0,301.07,0.58,0.0
4.104277778,118.6315833,5.0,300.96,0.43,0.0
4.104305556,118.6351667,5.0,301.07,0.58,0.0
4.104305556,118.6351667,10.0,301.07,0.58,0.0
4.106055556,118.6360556,3.0,302.63,0.58,0.0
4.106055556,118.6360556,9.0,302.63,0.58,0.0
4.1075,118.6362778,5.0,301.07,0.58,0.0
4.109277778,118.6256667,5.0,301.07,0.58,0.0
4.109277778,118.6256667,4.5,300.96,0.43,0.0
4.111777778,118.6249167,5.0,301.07,0.58,0.0
4.111777778,118.6249167,5.0,300.96,0.43,0.0
4.112527778,118.2250556,12.0,301.51,0.65,1.5
4.112527778,118.2250556,12.0,302.72,0.5,15.0
4.117888889,118.6256667,3.0,302.63,0.58,0.0
4.117888889,118.6256667,10.0,302.63,0.58,0.0
4.118194444,118.6279167,5.0,301.07,0.58,0.0
4.118194444,118.6279167,4.5,300.96,0.43,0.0
4.118833333,118.6290833,5.0,301.07,0.58,0.0
4.118833333,118.6290833,5.0,300.96,0.43,0.0
4.118944444,118.63425,5.0,301.07,0.58,0.0
4.118944444,118.63425,5.0,300.96,0.43,0.0
4.121638889,118.6365,5.0,301.07,0.58,0.0
4.139388889,118.2339722,8.0,301.44,0.77,0.0
4.140916667,118.1798611,8.0,301.5,0.83,2.0
4.140916667,118.1798611,8.0,302.78,0.7,37.5
4.152305556,118.2575278,13.0,301.47,0.61,0.0
4.154444444,118.2630556,14.0,302.65,1.01,3.75
4.154972222,118.8987222,8.0,301.06,0.1,0.0
4.162138889,118.87225,8.0,301.06,0.1,0.0
4.163472222,118.2751944,12.0,301.47,0.61,0.0
4.163611111,118.2761111,12.0,302.65,1.01,2.5
4.176222222,118.3073333,10.0,302.73,1.27,0.5
4.177888889,118.3073333,5.0,302.32,1.36,3.75
4.177888889,118.3073333,10.0,302.32,1.36,5.0
4.178055556,118.3077778,8.0,302.67,1.1,1.25
4.189888889,100.5483056,5.0,303.11,0.46,0.0
4.189888889,100.5483056,5.0,303.35,0.34,0.0
4.189888889,100.5483056,3.0,303.19,1.73,0.0
4.191888889,118.9006667,8.0,301.16,0.0,0.0
4.21025,118.6799444,8.0,301.2,0.73,0.5
4.21025,118.6799444,10.0,302.36,0.51,7.5
4.21025,118.6799444,10.0,302.2,0.34,0.0
4.210555556,118.6785833,5.0,301.88,0.54,0.0
4.214166667,118.6755556,9.0,302.36,0.51,0.5
4.214166667,118.6755556,8.0,302.2,0.34,0.5
4.225277778,118.6880556,9.0,302.36,0.51,1.25
4.225277778,118.6880556,9.0,302.2,0.34,1.0
4.225722222,118.6855278,5.0,301.88,0.54,0.0
4.226277778,118.6849722,7.0,300.75,1.0,0.0
4.226833333,118.6844167,4.0,301.92,0.35,0.0
4.229472222,118.6800278,10.0,301.88,0.54,0.0
4.229472222,118.6800278,10.0,302.36,0.51,20.0
4.229472222,118.6800278,10.0,302.2,0.34,0.0
4.231388889,118.6336111,9.0,302.4,1.07,0.5
4.231388889,118.6336111,9.0,302.25,0.51,0.0
4.234111111,118.6375833,7.0,300.81,1.06,0.0
4.234111111,118.6375833,7.0,302.25,0.51,0.0
4.236555556,118.5531667,8.0,301.33,0.22,0.0
4.236555556,118.5531667,10.0,302.6,1.19,0.0
4.236555556,118.5531667,11.0,302.51,1.17,0.0
4.237027778,118.6273611,8.5,300.81,1.06,0.0
4.237027778,118.6273611,8.0,302.25,0.51,0.0
4.237777778,118.3869444,9.0,302.68,0.97,2.5
4.239388889,118.4335278,8.0,302.67,1.06,2.5
4.245472222,118.3869722,8.5,301.35,0.6,0.0
4.246833333,118.6272222,8.6,300.81,1.06,0.0
4.246833333,118.6272222,8.0,302.25,0.51,0.0
4.249277778,118.6314722,5.0,301.11,0.58,0.25
4.249277778,118.6314722,10.0,301.11,0.58,0.25
4.250444444,118.6272778,9.0,300.8,0.93,0.5
4.250444444,118.6272778,8.0,302.23,0.67,0.0
4.255111111,118.5338056,10.0,302.61,1.15,14.75
4.255111111,118.5338056,8.0,302.53,0.68,2.5
4.267055556,113.8008889,8.0,301.48,0.15,0.0
4.267055556,113.8008889,11.0,303.16,0.92,1.25
4.273055556,113.8147222,9.0,304.02,0.37,0.0
4.273055556,113.8147222,10.0,302.77,0.52,0.0
4.273055556,113.8147222,11.0,303.16,0.2,3.5
4.273055556,113.8147222,8.8,303.18,1.44,0.0
4.273611111,113.8144444,8.0,300.93,2.2,0.0
4.273611111,113.8144444,8.0,302.33,0.49,0.5
4.274444444,113.815,10.0,303.45,0.93,0.0
4.274444444,113.815,11.0,303.18,0.99,15.5
4.276388889,113.8166667,11.0,303.18,1.15,6.25
4.276388889,113.8166667,10.0,302.33,0.49,0.0
4.276388889,113.8166667,10.0,302.77,0.52,0.25
4.276388889,113.8166667,11.0,301.48,0.15,1.25
4.276388889,113.8166667,10.0,303.16,0.2,4.5
4.276388889,113.8166667,13.0,303.13,0.91,4.5
4.276944444,113.8152778,11.0,303.65,0.75,0.0
4.287111111,118.7253333,10.0,302.34,0.39,32.5
4.287222222,113.8197222,11.0,303.16,1.26,21.25
4.287222222,113.8197222,11.0,302.64,0.06,1.75
4.287222222,113.8197222,11.0,303.28,0.61,2.5
4.287222222,113.8197222,11.0,302.6,0.33,0.5
4.287222222,113.8197222,10.0,301.48,0.15,0.0
4.287222222,113.8197222,12.5,302.77,0.48,0.25
4.287222222,113.8197222,13.0,303.16,0.2,2.5
4.287222222,113.8197222,11.0,303.18,1.44,0.0
4.292222222,113.8255556,12.0,303.27,0.8,0.0
4.292222222,113.8255556,12.0,303.07,0.77,0.0
4.292222222,113.8255556,11.0,303.03,1.18,10.75
4.2925,113.8258333,11.0,303.95,0.52,0.0
4.2925,113.8258333,13.0,302.54,0.36,0.75
4.2925,113.8258333,11.0,303.03,0.4,4.0
4.2925,113.8258333,15.0,303.0,0.53,4.0
4.293888889,113.8261111,12.0,303.05,1.11,4.25
4.293888889,113.8261111,12.0,303.2,1.02,0.75
4.293888889,113.8261111,12.0,302.54,0.36,0.0
4.293888889,113.8261111,12.0,303.84,0.92,0.0
4.298222222,113.8304722,10.0,303.35,0.43,0.0
4.300416667,118.8406667,10.0,302.58,0.01,0.0
4.300416667,118.8406667,9.0,302.33,0.47,2.75
4.308638889,118.8664444,5.0,301.81,0.37,0.0
4.312361111,118.8760556,5.0,301.81,0.37,0.0
4.316083333,118.8751389,10.0,302.48,0.14,0.0
4.343333333,113.8975,6.0,303.18,0.26,0.0
4.343333333,113.8975,6.0,303.53,2.7,0.0
4.343333333,113.8975,6.0,304.05,0.38,0.0
4.343333333,113.8975,5.0,301.25,0.09,0.0
4.343333333,113.8975,8.0,302.82,0.21,0.0
4.343333333,113.8975,5.5,302.01,0.22,8.25
4.343333333,113.8991667,5.0,303.17,0.67,0.0
4.444722222,118.7551389,10.0,302.54,0.19,0.0
4.467888889,118.5911667,10.0,262.15,0.955,3.0
4.477138889,118.94525,7.0,301.84,0.22,0.0
4.504194444,118.9417222,5.5,301.9,0.36,0.0
4.504194444,118.9417222,6.0,301.9,0.86,0.0
4.549333333,118.9291667,10.0,302.53,0.4,0.0
4.555972222,118.9271111,5.0,301.91,0.0,0.0
4.555972222,118.9271111,7.0,301.82,1.11,0.0
4.555972222,118.9271111,6.0,301.91,0.8,0.0
4.567972222,118.7583056,5.0,302.49,0.78,0.0
4.567972222,118.7583056,10.0,302.49,0.78,0.0
4.567972222,118.7583056,5.0,302.4,0.35,0.0
4.567972222,118.7583056,10.0,302.4,0.35,0.0
4.567972222,118.7583056,5.0,302.49,1.49,0.0
4.567972222,118.7583056,10.0,302.49,1.49,0.0
4.568444444,118.7583333,5.0,302.63,0.92,0.0
4.568444444,118.7583333,12.5,302.63,0.92,0.0
4.570194444,118.9569167,7.0,301.86,0.26,0.0
4.570194444,118.9569167,8.0,301.75,0.97,0.0
4.570194444,118.9569167,6.0,301.86,0.77,0.0
4.572027778,118.9569167,5.0,301.8,0.04,0.0
4.572583333,118.7636944,4.0,302.63,0.92,0.0
4.572583333,118.7636944,10.0,302.63,0.92,0.0
4.573472222,118.7584444,5.0,302.49,0.78,0.0
4.573472222,118.7584444,10.0,302.49,0.78,0.0
4.573472222,118.7584444,5.0,302.57,0.98,0.0
4.573472222,118.7584444,10.0,302.57,0.98,0.0
4.577166667,118.9472222,9.0,301.86,1.08,0.0
4.579166667,118.9202778,10.0,302.53,0.4,5.5
4.579166667,118.9202778,7.0,301.82,1.11,0.0
4.579305556,118.94025,9.0,301.91,0.0,0.25
4.579305556,118.94025,9.0,301.82,1.11,0.0
4.579305556,118.94025,12.0,301.91,0.8,0.0
4.581777778,118.91325,8.0,301.91,0.0,0.0
4.581777778,118.91325,6.0,301.91,0.8,0.0
4.584944444,118.9408889,5.0,301.87,0.12,0.0
4.584944444,118.9408889,5.0,301.75,0.94,0.0
4.584944444,118.9408889,6.0,301.87,0.74,0.0
4.585444444,118.7859167,5.0,302.39,1.36,0.0
4.585444444,118.7859167,10.0,302.39,1.36,0.0
4.585444444,118.7859167,5.0,302.39,0.52,0.0
4.585444444,118.7859167,10.0,302.39,0.52,0.0
4.585444444,118.7859167,5.0,302.48,1.1,0.0
4.585444444,118.7859167,10.0,302.48,1.1,0.0
4.589944444,118.8687778,7.0,300.74,1.04,2.5
4.590166667,118.8645278,5.0,302.4,0.39,0.5
4.590222222,118.8641389,6.5,300.74,1.04,2.5
4.591472222,118.862,8.0,300.74,1.04,0.0
4.592138889,118.8613056,10.0,302.5,1.12,26.5
4.598055556,118.8619444,9.6,300.74,1.04,0.0
4.598055556,118.8619444,5.0,300.74,1.04,0.0
4.60225,118.7681667,5.0,302.38,1.3,0.0
4.60225,118.7681667,10.0,302.38,1.3,0.0
4.60225,118.7681667,5.0,302.38,0.98,0.0
4.60225,118.7681667,10.0,302.38,0.98,0.0
4.60225,118.7681667,5.0,302.46,1.46,0.0
4.628305556,118.8351944,5.0,302.43,0.87,0.0
4.628305556,118.8351944,10.0,302.43,0.87,0.0
4.628305556,118.8351944,5.0,302.43,0.46,0.0
4.628305556,118.8351944,10.0,302.43,0.46,0.0
4.628305556,118.8351944,8.9,302.51,0.84,0.0
4.628305556,118.8351944,5.0,300.76,0.26,0.0
4.632222222,118.7966389,5.0,302.4,1.35,0.0
4.632222222,118.7966389,10.0,302.4,1.35,0.0
4.632222222,118.7966389,5.0,302.4,0.01,0.0
4.632222222,118.7966389,10.0,302.4,0.01,0.0
4.632222222,118.7966389,5.0,300.8,0.23,0.0
4.632222222,118.7966389,10.0,300.8,0.23,0.0
4.646444444,118.8325556,5.0,302.61,0.74,0.0
4.646444444,118.8325556,10.0,302.61,0.74,0.0
4.647111111,118.8038889,3.0,302.62,0.01,0.0
4.647111111,118.8038889,10.0,302.62,0.01,0.0
4.652555556,118.6647222,5.0,302.73,1.01,0.0
4.652555556,118.6647222,10.0,302.73,1.01,0.0
4.711166667,103.925,5.0,302.34,0.91,0.0
4.800361111,103.6742778,5.0,302.25,0.06,0.0
4.800361111,103.6742778,6.0,301.79,0.38,0.0
4.800361111,103.6742778,4.5,301.82,0.89,40.0
4.8005,103.676,5.0,302.22,0.68,0.0
4.8005,103.676,4.0,302.14,1.05,0.0
4.806055556,103.6744722,6.0,302.25,0.06,0.25
4.806055556,103.6744722,5.5,301.79,0.38,0.0
4.806055556,103.6744722,5.0,301.82,0.89,25.0
4.807611111,103.6784444,3.6,302.22,0.68,1.25
4.807611111,103.6784444,5.0,302.14,1.05,0.0
4.809111111,103.6778056,3.0,302.25,0.06,0.0
4.809111111,103.6778056,4.5,301.79,0.38,15.0
4.809111111,103.6778056,4.0,301.82,0.89,72.5
4.812805556,103.6759444,7.0,302.25,0.06,0.5
4.812805556,103.6759444,6.5,301.79,0.38,0.0
4.812805556,103.6759444,6.0,301.82,0.89,0.0
4.815527778,103.6803889,6.0,302.25,0.06,0.0
4.815527778,103.6803889,6.0,301.79,0.38,0.0
4.815527778,103.6803889,5.0,301.82,0.89,15.0
4.817277778,103.67925,10.0,302.25,0.06,0.25
4.817277778,103.67925,12.0,301.79,0.38,0.0
4.817277778,103.67925,11.0,301.82,0.89,0.5
4.818833333,103.6763333,6.0,302.14,1.05,0.0
4.8195,103.6875,10.0,302.14,1.05,0.0
4.82,103.6841667,4.8,302.22,0.68,0.0
4.82,103.6841667,5.0,302.14,1.05,0.0
4.820333333,103.6829444,5.4,302.22,0.68,0.0
4.821555556,103.6903889,9.7,302.22,0.68,0.0
4.907388889,118.24325,8.5,300.94,2.08,0.0
4.907388889,118.24325,8.5,302.46,0.09,0.0
4.907388889,118.24325,8.5,302.65,0.02,0.0
4.907388889,118.24325,7.9,302.46,0.27,0.0
4.912333333,118.2542778,5.5,300.94,2.08,0.0
4.912333333,118.2542778,6.0,302.46,0.09,0.0
4.912333333,118.2542778,6.0,302.65,0.02,0.0
4.912333333,118.2542778,7.9,302.46,0.27,0.0
4.920777778,118.2012778,8.5,302.46,0.16,0.0
4.923527778,118.2560556,8.0,302.46,0.07,0.0
4.923527778,118.2560556,7.0,302.46,0.21,0.0
4.923972222,118.2667222,11.0,302.46,0.07,0.0
4.923972222,118.2667222,11.0,302.46,0.21,0.0
4.930194444,118.2285278,6.1,302.46,0.16,0.0
4.935277778,118.2242778,6.0,301.29,0.25,0.0
4.935277778,118.2265,5.5,301.29,0.25,0.0
4.937916667,118.2743889,10.0,300.92,2.0,0.0
4.937916667,118.2743889,10.0,302.46,0.07,3.75
4.937916667,118.2743889,10.4,302.46,0.21,0.0
4.941555556,118.2824167,10.0,300.9,1.81,0.0
4.941555556,118.2824167,10.0,302.48,0.23,0.0
4.941555556,118.2824167,10.0,302.69,0.83,0.0
4.941555556,118.2824167,9.3,302.48,0.35,0.0
4.942472222,118.2939444,6.5,300.92,0.9,0.0
4.942472222,118.2939444,6.5,302.48,0.23,0.0
4.942472222,118.2939444,6.0,302.69,0.83,0.0
4.942472222,118.2939444,6.0,302.48,0.35,0.0
4.943166667,118.2953889,8.5,301.23,0.36,0.0
4.948694444,118.2512778,7.0,302.46,0.07,0.0
4.948694444,118.2512778,6.7,302.46,0.21,0.0
4.948777778,118.2578333,7.5,300.92,0.93,0.0
4.948777778,118.2578333,8.0,302.46,0.07,0.0
4.948777778,118.2578333,7.6,302.46,0.21,0.0
4.950861111,118.2578889,8.5,300.92,2.0,0.0
4.950861111,118.2578889,8.5,302.46,0.07,0.0
4.950861111,118.2578889,7.6,302.46,0.21,0.0
4.951638889,118.2477222,5.8,301.2,0.24,0.0
4.963027778,118.25275,8.0,262.15,0.963333333,0.0
4.963027778,118.25275,7.5,262.15,0.09,0.0
4.963027778,118.25275,8.2,262.15,0.24,0.0
4.967111111,118.2640278,5.5,262.15,0.963333333,0.0
4.967111111,118.2640278,5.5,262.15,0.09,0.25
4.967111111,118.2640278,6.0,262.15,0.24,0.0
5.189055556,115.1350833,3.0,303.75,0.08,0.0
5.201611111,115.1418611,6.0,303.75,0.08,0.0
5.208833333,103.2695,10.0,302.4,1.19,0.0
5.208833333,103.2695,9.0,302.36,1.27,0.0
5.208833333,103.2695,7.5,302.42,0.61,1.0
5.208833333,103.2695,8.5,302.17,0.63,20.0
5.208888889,103.2683333,5.0,302.13,1.19,5.0
5.224472222,103.2609722,4.5,302.31,0.75,0.0
5.224472222,103.2609722,4.0,302.17,0.63,65.0
5.226944444,103.2691667,8.0,302.13,1.19,10.0
5.22975,103.2679722,10.0,302.4,1.19,0.0
5.22975,103.2679722,8.0,302.31,0.75,0.0
5.22975,103.2679722,8.5,302.42,0.61,1.0
5.22975,103.2679722,9.7,302.17,0.63,0.0
5.232222222,103.2602778,8.5,302.13,1.19,5.0
5.233055556,103.2605556,5.5,302.13,1.19,10.0
5.235166667,103.2613333,6.0,302.4,1.19,0.0
5.235166667,103.2613333,8.0,302.31,0.75,0.0
5.235166667,103.2613333,6.0,302.42,0.61,1.0
5.235166667,103.2613333,4.5,302.17,0.63,17.5
5.235833333,103.263,11.0,302.4,1.19,0.0
5.235833333,103.263,10.0,302.31,0.75,0.0
5.235833333,103.263,10.0,302.42,0.61,0.5
5.235833333,103.263,8.2,302.17,0.63,15.0
5.598888889,103.0641944,8.5,302.56,0.27,0.0
5.598888889,103.0641944,8.0,302.56,1.05,0.0
5.598888889,103.0641944,9.0,302.56,1.44,0.5
5.598888889,103.0641944,8.5,302.95,0.06,0.25
5.598888889,103.0641944,9.0,303.07,0.09,0.0
5.610111111,103.063,5.7,302.56,0.27,0.0
5.610111111,103.063,8.0,302.56,1.05,0.0
5.610111111,103.063,6.0,302.56,1.44,0.0
5.610111111,103.063,6.0,302.95,0.06,0.0
5.610111111,103.063,7.0,303.07,0.09,0.0
5.615194444,103.0572222,4.3,302.56,0.27,0.0
5.615194444,103.0572222,5.0,302.56,1.05,0.5
5.615194444,103.0572222,6.0,302.56,1.44,0.25
5.615194444,103.0572222,6.0,302.95,0.06,0.0
5.615194444,103.0572222,6.0,303.07,0.09,0.0
5.625555556,103.1595,9.1,302.51,0.15,0.0
5.625555556,103.1595,10.0,302.51,1.49,0.25
5.625555556,103.1595,10.0,302.51,1.44,0.75
5.625555556,103.1595,10.0,303.05,0.85,0.0
5.643583333,103.1510556,10.6,302.58,0.44,0.0
5.643583333,103.1510556,10.0,302.58,1.19,0.75
5.643583333,103.1510556,10.0,302.58,1.32,1.75
5.643583333,103.1510556,10.0,303.09,0.85,0.0
5.666111111,103.0712778,11.2,302.64,0.09,0.0
5.666111111,103.0712778,7.0,302.64,0.26,0.0
5.666111111,103.0712778,7.0,302.64,1.1,0.0
5.666111111,103.0712778,6.0,302.64,1.5,0.5
5.666111111,103.0712778,7.0,303.04,0.4,0.0
5.666111111,103.0712778,7.0,303.15,1.77,0.0
5.705027778,115.6284167,10.0,303.12,1.03,0.5
5.705027778,115.6284167,10.0,303.98,0.57,0.0
5.708027778,115.6993056,8.0,303.05,1.47,0.0
5.708027778,115.6993056,8.0,303.81,0.76,0.0
5.708611111,115.65325,7.0,303.17,1.05,0.0
5.708611111,115.65325,7.0,303.92,1.11,0.0
5.712805556,115.6724444,6.0,303.08,1.74,10.0
5.712805556,115.6724444,6.0,303.88,1.2,0.0
5.716944444,115.6349444,7.0,303.17,1.05,10.0
5.716944444,115.6349444,7.0,303.92,1.11,0.0
5.720222222,115.6448056,4.0,303.17,1.05,0.0
5.720222222,115.6448056,4.0,303.92,1.11,0.0
5.732777778,102.9975,4.0,302.3,0.06,0.0
5.732777778,102.9975,6.0,302.42,0.33,0.0
5.732777778,102.9975,7.0,302.83,0.37,0.25
5.732777778,102.9975,6.5,303.33,0.29,0.0
5.740194444,102.9995556,3.5,302.3,0.06,0.0
5.740194444,102.9995556,4.0,302.83,0.37,3.0
5.740194444,102.9995556,4.0,303.33,0.29,0.0
5.746916667,102.9998333,5.5,303.61,0.19,4.0
5.746916667,102.9998333,5.0,302.15,0.24,0.0
5.746916667,102.9998333,5.0,302.3,0.06,0.0
5.746916667,102.9998333,5.0,302.83,0.37,1.0
5.746916667,102.9998333,4.5,303.33,0.29,0.0
5.752805556,103.0296111,9.0,262.15,0.15875,12.5
5.753888889,103.0289167,7.0,262.15,0.16375,0.0
5.753888889,103.0289167,6.0,262.15,0.69625,0.0
5.753888889,103.0289167,6.0,262.15,0.4225,0.0
5.753888889,103.0289167,6.0,262.15,0.7225,5.0
5.753888889,103.0289167,6.5,262.15,0.0575,0.0
5.753888889,103.0289167,7.0,262.15,0.78625,0.0
5.757527778,103.0303333,9.4,303.34,1.52,0.0
5.757527778,103.0303333,6.0,303.34,1.52,0.0
5.758555556,103.0295278,6.4,262.15,0.15875,0.0
5.758555556,103.0295278,9.1,262.15,0.15625,0.0
5.758638889,103.0293889,7.0,262.15,0.69625,0.0
5.758638889,103.0293889,7.7,262.15,0.4225,0.0
5.758638889,103.0293889,7.7,262.15,0.7225,10.0
5.758638889,103.0293889,7.5,262.15,0.0575,0.0
5.758638889,103.0293889,8.0,262.15,0.73375,0.0
5.761,103.0263889,6.0,262.15,0.69625,0.0
5.761,103.0263889,6.2,262.15,0.4225,0.0
5.761,103.0263889,6.0,262.15,0.7225,1.25
5.761,103.0263889,5.5,262.15,0.0575,0.0
5.761,103.0263889,6.0,262.15,0.73375,0.0
5.762222222,103.0280556,4.5,262.15,0.15875,0.0
5.762222222,103.0280556,7.0,262.15,0.16375,0.0
5.768611111,103.0355556,8.5,303.34,2.1,0.0
5.771694444,103.0390278,10.0,303.66,0.03,2.5
5.771694444,103.0390278,8.0,303.54,0.76,0.0
5.771694444,103.0390278,9.7,302.64,0.33,0.0
5.771694444,103.0390278,7.9,303.45,0.33,0.0
5.771694444,103.0390278,7.0,302.8,0.54,0.0
5.771694444,103.0390278,8.0,302.43,0.41,0.0
5.771694444,103.0390278,8.0,302.8,0.44,1.0
5.771694444,103.0390278,7.5,303.22,0.54,0.0
5.771694444,103.0591111,10.0,303.66,0.03,5.5
5.771694444,103.0591111,6.4,302.64,0.33,0.0
5.771694444,103.0591111,7.3,303.45,0.33,0.0
5.773277778,103.0592222,6.0,302.8,0.54,0.0
5.773277778,103.0592222,6.0,302.43,0.41,0.0
5.773277778,103.0592222,5.5,302.8,0.44,1.0
5.773277778,103.0592222,6.0,303.22,0.54,0.0
5.773277778,103.0592222,5.5,303.34,2.1,0.0
5.777055556,103.04175,10.0,303.34,1.52,0.0
5.777055556,103.04175,9.4,303.45,0.33,0.0
5.777055556,103.04175,7.0,302.8,0.54,0.0
5.777055556,103.04175,10.0,302.43,0.41,0.0
5.779611111,103.0426111,9.5,302.8,0.44,8.75
5.779611111,103.0426111,9.5,303.22,0.54,0.0
5.779611111,103.0426111,9.5,303.34,2.1,0.0
5.788361111,102.9926111,4.5,262.15,0.4225,0.0
5.788361111,102.9926111,5.0,262.15,0.7225,5.0
5.788361111,102.9926111,5.0,262.15,0.0575,0.0
5.788361111,102.9926111,4.0,262.15,0.78625,0.0
5.7995,103.0169444,9.0,303.46,0.6,0.0
5.814444444,103.0072222,7.5,302.14,0.95,0.0
5.814444444,103.0072222,7.0,302.94,0.85,0.0
5.814444444,103.0072222,6.0,302.43,0.31,0.0
5.814444444,103.0072222,9.0,302.94,0.84,5.0
5.817661111,103.0103611,10.3,303.46,1.53,0.0
5.817661111,103.0103611,10.0,302.94,0.85,0.0
5.817661111,103.0103611,10.0,302.43,0.31,0.0
5.817661111,103.0103611,11.0,302.94,0.84,4.25
5.817661111,103.0103611,10.0,303.46,0.6,0.0
5.883805556,102.7410556,4.0,303.27,0.43,0.5
5.883805556,102.7410556,5.0,303.12,1.1,0.0
5.883805556,102.7410556,4.0,302.37,0.03,0.25
5.884055556,102.7470278,7.5,303.05,0.59,0.0
5.884055556,102.7470278,7.5,303.36,0.0,0.0
5.884055556,102.7470278,7.5,303.66,0.13,0.0
5.884055556,102.7470278,7.5,303.66,0.3,0.0
5.885138889,102.7669722,8.0,303.12,0.91,0.0
5.885138889,102.7669722,4.8,303.12,1.1,0.0
5.885138889,102.7669722,10.0,301.84,0.71,0.0
5.885138889,102.7669722,9.0,303.0,1.58,0.0
5.885138889,102.7669722,9.0,303.36,0.0,0.0
5.886027778,102.7702778,9.0,303.66,0.13,0.0
5.886361111,102.7471389,3.6,303.27,0.43,0.0
5.886361111,102.7471389,5.1,303.12,1.1,0.0
5.903472222,102.7401111,5.0,303.19,0.33,28.75
5.910611111,102.7098056,8.0,303.69,0.23,0.0
5.910611111,102.7098056,8.0,303.7,0.11,0.0
5.912027778,102.7448889,11.5,303.0,1.58,1.0
5.912027778,102.7448889,11.0,303.66,0.13,0.0
5.912027778,102.7448889,11.5,303.66,0.3,0.0
5.912138889,102.7500833,11.0,303.27,0.43,2.5
5.912138889,102.7500833,10.3,303.12,1.1,0.0
5.912138889,102.7500833,10.0,302.37,0.03,0.0
5.912138889,102.7500833,11.5,303.36,0.0,0.0
5.914444444,102.7540556,4.7,303.0,1.58,2.0
5.914444444,102.7540556,5.0,303.66,0.13,0.0
5.914444444,102.7540556,5.0,303.66,0.3,0.0
5.916972222,102.7538889,8.0,303.61,0.21,0.0
5.916972222,102.7538889,7.0,303.15,1.18,0.0
5.916972222,102.7538889,9.0,302.21,1.82,0.0
5.921305556,102.72475,6.0,303.77,0.92,0.25
5.921305556,102.72475,5.1,303.35,0.1,0.0
5.921305556,102.72475,5.5,303.62,1.2,0.0
5.921305556,102.72475,5.0,302.18,1.87,2.25
5.921305556,102.72475,5.7,303.44,0.14,0.0
5.921305556,102.72475,6.5,303.04,1.29,0.0
5.921305556,102.72475,6.4,303.77,0.63,0.0
5.923555556,102.7583056,6.0,303.59,1.09,0.75
5.923555556,102.7583056,5.0,302.37,1.71,15.0
5.923555556,102.7583056,7.6,303.41,0.52,9.0
5.923555556,102.7583056,5.7,303.03,1.44,1.0
5.923555556,102.7583056,5.7,303.74,0.75,0.0
5.923555556,102.7583056,5.5,303.69,0.37,0.0
5.931583333,102.7231667,6.0,303.77,0.92,0.25
5.931583333,102.7231667,6.0,303.35,0.1,0.0
5.931583333,102.7231667,7.5,303.62,1.2,3.0
5.931583333,102.7231667,6.7,303.44,0.14,0.0
5.931583333,102.7231667,5.5,303.04,1.29,2.0
5.931583333,102.7231667,5.5,303.77,0.63,0.0
5.940083333,102.72225,10.3,303.17,0.36,0.0
5.940083333,102.72225,10.6,303.17,1.05,0.0
5.940083333,102.72225,6.5,303.04,1.29,2.0
5.952388889,102.7084722,6.0,303.35,0.1,1.5
5.952388889,102.7084722,11.5,303.35,0.1,0.5
5.952388889,102.7084722,9.0,303.62,1.2,0.0
5.952388889,102.7084722,5.0,302.34,1.74,1.5
5.952388889,102.7084722,9.1,303.44,0.14,0.0
5.952388889,102.7084722,5.0,303.04,1.29,0.0
5.952388889,102.7084722,8.0,303.04,1.29,0.0
5.958055556,115.9913889,5.0,300.96,0.44,0.0
5.958055556,115.9913889,10.0,300.96,0.44,0.0
5.959111111,115.9910833,5.0,300.61,0.51,0.0
5.959111111,115.9910833,5.0,300.96,0.42,0.75
5.961944444,115.9947222,5.0,300.96,0.44,0.0
5.961944444,115.9947222,12.0,300.96,0.44,0.0
5.961944444,115.9947222,7.0,300.69,0.64,0.0
5.962166667,102.6808333,5.0,303.14,1.33,0.0
5.962694444,102.6806389,4.2,303.24,1.2,0.0
5.962694444,102.6806389,4.5,302.37,1.21,0.0
5.967777778,116.0126111,7.0,300.96,0.42,0.25
5.970555556,115.98,5.0,300.56,0.49,0.0
5.970555556,115.9966667,6.0,300.8,0.06,0.0
5.970555556,115.9966667,12.0,300.8,0.06,0.0
5.970777778,115.9943056,5.0,300.96,0.42,0.0
5.973888889,116.0125,6.0,300.69,0.64,0.0
5.973888889,116.0125,6.0,300.96,0.42,0.0
5.974055556,116.0165278,5.0,300.96,0.44,0.0
5.974055556,116.0165278,5.0,300.96,0.44,0.0
5.990555556,116.0402778,7.0,300.62,1.44,0.0
5.990555556,116.0402778,7.0,300.74,1.3,0.0
6.0,116.0,8.0,262.15,0.31125,0.0
6.006388889,116.0308333,5.0,303.3,0.46,15.0
6.006388889,116.0308333,10.0,303.3,0.46,0.0
6.006388889,116.0308333,7.0,300.62,0.92,0.0
6.006944444,116.0222222,7.0,262.15,0.775,0.0
6.0075,116.0220833,5.0,262.15,0.31125,0.0
6.0075,116.0220833,10.0,262.15,0.31125,0.0
6.008055556,116.0036111,8.0,262.15,0.775,0.0
6.008055556,116.0036111,8.0,262.15,0.63,0.0
6.008194444,116.0220278,7.0,262.15,1.12,0.0
6.008361111,116.0313333,7.0,300.86,0.91,0.0
6.015083333,116.0498333,5.0,302.95,0.19,0.0
6.015583333,116.0503333,5.0,302.95,0.19,0.0
6.015583333,116.0503333,10.0,302.95,0.19,0.0
6.016861111,116.0479444,7.0,300.86,0.91,0.25
6.017777778,116.0452778,6.0,303.3,0.46,7.5
6.017777778,116.0452778,10.0,303.3,0.46,0.0
6.017777778,116.0452778,7.0,300.62,0.92,0.0
6.018055556,116.0052778,5.0,262.15,0.27,0.0
6.018055556,116.0052778,10.0,262.15,0.27,0.0
6.018055556,116.0052778,9.0,262.15,1.3175,0.0
6.025861111,116.0045278,9.0,262.15,1.12,0.25
6.027777778,116.0522222,5.5,303.3,0.46,2.5
6.027777778,116.0522222,10.0,303.3,0.46,0.0
6.027777778,116.0522222,9.0,300.62,0.92,0.0
6.027777778,116.0522222,9.0,300.86,0.91,0.0
6.034444444,116.0286111,5.0,303.3,0.46,2.5
6.034444444,116.0286111,10.0,303.3,0.46,0.0
6.034444444,116.0286111,8.5,300.72,1.14,0.0
6.034444444,116.0286111,8.5,300.86,0.91,0.25
6.041388889,116.0197222,4.0,300.74,0.6,0.0
6.041388889,116.0197222,6.0,300.74,0.6,0.0
6.041388889,116.0197222,7.0,303.2,0.63,10.0
6.041388889,116.0197222,10.0,303.2,0.63,1.25
6.041388889,116.0197222,9.0,300.62,1.28,0.0
6.041388889,116.0197222,8.0,300.74,1.03,0.0
6.084083333,116.0088056,5.0,300.83,0.63,0.0
6.084083333,116.0088056,10.0,300.83,0.63,0.0
6.154472222,118.0585278,5.0,303.2,0.61,0.0
6.154472222,118.0585278,5.0,303.19,0.75,0.0
6.163416667,118.1080556,5.0,303.12,0.72,0.0
6.163416667,118.1080556,10.0,303.12,0.72,0.0
6.163416667,118.1080556,5.0,303.09,0.51,0.0
6.163416667,118.1080556,10.0,303.09,0.51,0.0
6.169861111,118.1089444,5.0,303.18,1.25,0.0
6.169861111,118.1089444,10.0,303.18,1.25,0.0
6.169861111,118.1089444,5.0,303.13,0.93,0.0
6.169861111,118.1089444,10.0,303.13,0.93,0.0
6.169861111,118.1089444,5.0,303.1,0.72,0.0
6.169861111,118.1089444,10.0,303.1,0.72,0.0
6.173361111,118.0714444,5.0,302.27,0.8,0.0
6.173361111,118.0714444,10.0,302.27,0.8,0.0
6.173361111,118.0714444,10.0,303.15,0.66,0.0
6.173361111,118.0714444,5.0,303.15,0.66,0.0
6.180222222,118.0633889,5.0,303.15,0.6,0.0
6.180222222,118.0633889,10.0,303.15,0.6,0.0
6.180222222,118.0633889,5.0,303.17,0.57,0.0
6.180222222,118.0633889,10.0,303.17,0.57,0.0
6.354416667,116.3111111,6.0,303.93,0.04,1.75
6.354416667,116.3111111,7.0,303.72,0.03,0.25
6.368444444,116.3189444,6.0,303.93,0.04,1.25
6.368444444,116.3189444,5.0,303.72,0.03,6.5
6.372027778,116.3239722,5.0,262.15,0.223333333,0.5
6.372027778,116.3239722,5.0,262.15,0.65,21.5
6.37425,116.3431111,5.0,303.02,1.24,20.0
6.37425,116.3431111,4.0,303.48,1.13,2.75
6.390027778,116.3227778,4.0,301.4,0.5,4.0
6.390027778,116.3227778,5.0,303.69,0.39,0.5
6.390027778,116.3227778,6.0,303.48,1.13,0.5
6.393638889,116.3282222,7.0,301.4,0.5,0.25
6.393638889,116.3282222,3.0,303.69,0.39,0.0
6.393638889,116.3282222,4.7,303.48,1.13,2.0
6.479083333,117.8908056,14.0,303.11,0.58,0.0
6.479083333,117.8908056,13.2,302.99,1.06,0.0
6.479083333,117.8908056,11.0,302.97,1.13,0.0
6.479083333,117.8908056,11.3,303.1,0.75,0.5
6.479083333,117.8908056,13.0,302.83,1.91,44.75
6.483305556,117.8932222,13.1,302.97,0.25,1.5
6.483305556,117.8932222,13.2,302.99,1.06,0.75
6.483305556,117.8932222,12.5,303.04,0.71,3.25
6.483305556,117.8932222,13.3,303.1,0.75,0.0
6.486361111,117.9111667,12.0,303.01,0.41,0.0
6.486361111,117.9111667,13.0,303.07,0.49,0.0
6.486361111,117.9111667,12.0,303.15,0.01,1.5
6.486361111,117.9111667,16.0,303.14,1.72,72.5
6.486361111,117.9111667,12.8,303.07,0.41,0.0
6.486361111,117.9111667,10.5,302.94,0.73,40.0
6.489861111,117.9156111,9.0,303.02,0.0,0.0
6.49825,117.9272222,8.0,303.14,0.33,0.0
6.49825,117.9272222,10.0,302.98,0.57,0.75
6.49825,117.9272222,10.0,303.04,0.53,7.5
6.498333333,117.9113611,5.2,303.02,1.85,0.0
6.498333333,117.9113611,3.0,302.3,0.57,0.0
6.498333333,117.9113611,5.5,302.3,0.74,5.75
6.498333333,117.9113611,5.0,303.15,0.87,0.0
6.498333333,117.9113611,4.5,302.82,1.92,21.5
6.500555556,117.9202778,5.5,302.99,2.12,0.0
6.500555556,117.9202778,4.5,302.1,0.67,6.25
6.500555556,117.9202778,5.8,303.03,0.29,0.0
6.500555556,117.9202778,6.0,302.3,0.76,5.25
6.506527778,117.9275278,11.0,303.06,0.98,0.0
6.506527778,117.9275278,12.2,303.07,0.41,2.75
6.506527778,117.9275278,12.0,302.93,0.66,13.75
6.506527778,117.9275278,12.1,302.99,0.22,0.0
6.506527778,117.9275278,12.0,303.06,0.12,1.25
6.506527778,117.9275278,11.0,302.3,0.71,15.0
6.506527778,117.9275278,11.8,302.96,1.0,2.5
6.506527778,117.9275278,12.5,302.65,0.08,31.25
6.507916667,117.9169722,3.0,302.94,1.37,0.0
6.513444444,117.9056111,12.0,303.06,0.98,0.0
6.513444444,117.9056111,14.5,302.93,0.24,11.0
6.513444444,117.9056111,11.0,302.94,0.75,0.0
6.513444444,117.9056111,14.2,303.0,0.68,0.0
6.513444444,117.9056111,12.0,302.99,0.15,0.0
6.513444444,117.9056111,12.5,302.97,1.08,2.5
6.513444444,117.9056111,11.8,302.96,1.0,0.25
6.513555556,117.9206667,15.5,303.06,0.45,0.0
6.513888889,117.9243056,4.0,303.03,0.7,0.0
6.513888889,117.9243056,5.0,302.93,0.72,0.5
6.513888889,117.9243056,5.5,303.07,1.07,0.0
6.513888889,117.9243056,6.8,302.9,0.53,6.75
6.513888889,117.9243056,5.5,302.1,1.36,0.0
6.520388889,117.9295833,14.0,303.02,0.11,4.25
6.520388889,117.9295833,14.2,303.0,0.68,0.0
6.520388889,117.9295833,12.0,302.99,0.67,0.75
6.520388889,117.9295833,13.8,302.94,1.41,2.5
6.520388889,117.9295833,14.0,302.98,1.65,42.5
6.520972222,117.9157222,10.0,303.07,0.41,0.0
6.520972222,117.9157222,7.0,302.93,0.72,1.25
6.520972222,117.9157222,3.1,303.0,0.68,0.0
6.520972222,117.9157222,4.0,303.07,0.1,0.0
6.520972222,117.9157222,6.0,302.9,0.53,43.75
6.520972222,117.9157222,4.8,303.06,0.85,0.0
6.540972222,117.9200278,12.0,302.99,0.31,0.0
6.543638889,117.9200278,12.0,302.99,0.31,0.0
6.543638889,117.9200278,12.0,302.93,1.45,0.0
6.543638889,117.9200278,10.8,303.05,0.44,0.0
6.543638889,117.9200278,11.5,302.28,0.73,0.0
6.543638889,117.9200278,12.5,303.0,0.83,2.5
6.543638889,117.9200278,11.5,302.94,0.41,0.0
6.552055556,117.9246944,11.0,302.94,0.82,0.0
6.552055556,117.9246944,12.5,302.28,0.67,22.25
6.552055556,117.9246944,11.0,302.95,0.34,0.0
6.552055556,117.9246944,12.0,302.46,0.43,25.0
6.552083333,117.9356944,10.0,302.99,0.31,0.0
6.552083333,117.9356944,12.0,303.0,0.52,0.0
6.552083333,117.9356944,10.0,303.0,0.14,0.5
6.552083333,117.9356944,12.0,302.28,0.73,1.25
6.552083333,117.9356944,10.5,302.28,0.67,18.75
6.552083333,117.9356944,10.0,302.61,0.16,17.5
6.554027778,117.9225833,10.0,303.0,1.04,0.0
6.554027778,117.9225833,10.7,303.01,0.46,1.0
6.562111111,117.9201667,12.0,303.01,0.46,0.0
6.562111111,117.9201667,14.0,302.99,0.61,0.25
6.562111111,117.9201667,12.5,302.28,0.67,23.75
6.562111111,117.9201667,13.0,302.94,0.41,0.0
6.562111111,117.9201667,13.5,302.61,0.16,47.5
6.567694444,117.8997222,5.0,302.93,0.23,0.0
6.701222222,116.3385556,6.0,301.45,0.02,0.0
6.701222222,116.3385556,7.0,300.84,0.16,0.0
6.701222222,116.3385556,5.0,303.19,1.07,0.25
6.701222222,116.3385556,6.0,303.61,1.07,0.0
6.702277778,116.3635278,5.0,303.18,1.17,0.0
6.702277778,116.3635278,7.0,303.62,0.63,0.0
6.705138889,116.3205278,8.0,301.45,0.02,0.0
6.705138889,116.3205278,6.0,303.57,0.65,0.0
6.705138889,116.3205278,6.0,303.61,1.07,0.0
6.706472222,116.3347222,6.0,301.45,0.02,0.0
6.706472222,116.3347222,7.0,300.84,0.16,0.0
6.706472222,116.3347222,5.0,300.2,1.41,0.0
6.706472222,116.3347222,6.0,303.57,0.65,0.5
6.706527778,116.3166944,6.0,303.57,1.02,0.0
6.706527778,116.3295278,9.0,303.61,1.07,0.0
6.706611111,116.32125,6.0,301.45,0.02,0.0
6.706611111,116.32125,4.0,299.94,0.94,0.0
6.706611111,116.32125,4.0,303.57,0.65,0.0
6.709666667,116.3234444,4.5,303.53,0.85,0.0
6.712722222,116.3295278,8.0,301.41,0.15,0.0
6.712722222,116.3295278,9.0,300.15,0.98,0.0
6.712722222,116.3295278,10.0,303.49,0.36,0.0
6.713861111,116.3347222,6.0,301.41,0.15,0.0
6.713861111,116.3347222,6.0,299.9,0.45,0.0
6.713861111,116.3347222,6.0,303.49,0.36,0.25
6.713861111,116.3347222,5.5,303.53,0.85,0.25
6.716444444,116.3490833,10.0,301.41,0.15,0.0
6.718222222,116.3594444,6.0,301.41,0.15,0.0
6.718222222,116.3594444,7.0,299.9,0.45,0.0
6.718222222,116.3594444,6.0,303.42,0.45,0.0
6.718222222,116.3594444,6.0,303.53,0.85,0.0
6.719861111,116.3408889,8.0,301.41,0.15,0.0
6.719861111,116.3408889,9.0,299.69,0.76,0.0
6.719861111,116.3408889,6.0,303.53,0.85,0.0
6.720111111,116.3684167,7.0,303.53,0.9,0.0
6.721583333,116.3484167,8.0,301.41,0.15,0.0
6.721583333,116.3484167,6.0,299.9,0.45,0.0
6.721583333,116.3484167,7.0,303.42,0.45,0.0
6.721583333,116.3484167,6.0,303.14,0.4,0.25
6.867916667,117.5555833,10.0,302.84,1.08,0.0
6.890555556,117.3770556,5.0,302.81,0.77,0.0
6.893805556,117.3484167,5.0,302.91,0.88,0.0
6.895694444,117.5161667,5.0,302.86,0.91,0.0
6.895694444,117.5161667,10.0,302.86,0.91,0.0
6.939972222,117.0155556,5.0,303.06,0.14,3.25
6.947722222,117.0105278,5.0,303.06,0.14,0.0
6.955777778,117.0057222,5.0,303.06,0.14,12.5
6.965666667,117.0189722,5.0,303.04,0.15,2.0
7.003722222,117.4462222,5.0,301.88,0.21,1.25
7.003722222,117.4462222,10.0,301.88,0.21,0.0
7.073833333,117.0219722,5.0,303.05,0.58,0.0
7.073833333,117.0219722,10.0,303.05,0.58,0.0
7.076166667,117.0148056,5.0,303.0,0.45,25.0
7.078444444,117.0295278,5.0,303.02,0.43,1.0
7.078444444,117.0295278,10.0,303.02,0.43,2.5
7.080472222,117.0134444,5.0,303.0,0.45,2.25
7.083527778,117.0385278,5.0,302.99,0.54,1.25
7.085083333,117.0389167,5.0,302.99,0.54,0.5
7.085083333,117.0389167,10.0,302.99,0.54,0.0
7.090527778,117.0551667,5.0,302.99,0.54,0.25
7.090527778,117.0551667,10.0,302.99,0.54,0.0
7.094638889,117.0233611,5.0,302.98,0.4,0.25
7.094638889,117.0233611,10.0,302.98,0.4,5.0
7.100472222,117.0295278,5.0,302.99,0.54,0.0
7.186083333,116.8643333,4.0,302.43,0.95,2.25
7.189416667,116.8697222,5.0,302.43,0.95,7.25
7.203416667,116.8431944,5.0,302.5,0.49,4.75
-4.511388889,129.8711111,5.0,300.1,0.97,1.0
-4.511388889,129.8711111,10.0,300.1,0.97,4.75
3.469833333,72.84466667,8.0,301.89,0.65,0.5
3.469833333,72.84466667,10.0,301.89,0.65,0.25
3.494555556,72.82327778,5.0,301.93,0.91,0.75
3.494555556,72.82327778,8.0,301.93,0.91,0.75
3.494555556,72.82327778,12.0,301.93,0.91,1.0
3.494638889,72.82327778,5.0,301.8,0.72,0.5
3.494638889,72.82327778,12.0,301.8,0.72,1.0
3.494638889,72.82327778,5.0,301.84,0.66,0.75
3.494638889,72.82327778,6.0,301.84,0.66,6.25
3.494638889,72.82327778,12.0,301.84,0.66,6.25
3.522222222,72.89916667,6.0,302.69,0.85,0.0
3.633888889,72.95472222,3.0,301.88,0.96,1.75
3.633888889,72.95472222,3.1,301.88,0.96,0.0
3.633888889,72.95472222,10.0,301.88,0.96,0.75
3.635805556,72.93330556,15.0,301.69,0.24,0.0
3.637111111,72.92905556,5.5,301.62,0.78,0.5
3.637111111,72.92905556,12.5,301.62,0.78,2.75
3.650916667,72.81733333,4.0,301.89,0.55,1.25
3.650916667,72.81733333,7.0,301.89,0.55,1.75
3.650916667,72.81733333,12.0,301.89,0.55,0.0
3.654611111,72.82144444,3.5,301.89,0.55,1.25
3.654611111,72.82144444,7.0,301.89,0.55,0.0
3.654611111,72.82144444,12.0,301.89,0.55,3.75
3.654611111,72.82144444,5.0,301.77,0.44,0.0
3.654611111,72.82144444,6.0,301.77,0.44,10.0
3.654611111,72.82144444,12.0,301.77,0.44,0.0
3.73025,72.76063889,1.4,301.93,2.03,0.0
3.73025,72.76063889,4.5,301.93,2.03,0.25
3.840027778,72.76316667,8.0,301.91,0.98,0.25
3.840027778,72.76316667,6.5,301.91,0.98,0.0
3.840833333,72.74283333,3.0,301.62,0.28,0.0
3.844822222,72.75113889,2.5,301.76,0.37,1.25
3.844822222,72.75113889,7.0,301.76,0.37,4.75
3.846055556,72.75144444,2.0,301.69,1.11,0.0
3.924722222,73.45375,4.0,301.88,0.52,1.25
3.924722222,73.45375,7.0,301.88,0.52,0.75
3.924722222,73.45375,12.0,301.88,0.52,0.0
3.981027778,72.94469444,7.0,301.86,0.86,0.5
3.981027778,72.94469444,12.0,301.86,0.86,0.75
4.000722222,72.93461111,3.0,301.88,1.05,1.0
4.000722222,72.93461111,4.0,301.88,1.05,0.25
4.000722222,72.93461111,7.0,301.88,1.05,0.0
4.017061111,72.80523056,3.0,301.66,0.32,0.75
4.017061111,72.80523056,5.0,301.66,0.32,1.5
4.017061111,72.80523056,12.0,301.66,0.32,0.0
4.025833333,72.80572222,4.0,301.82,0.19,1.25
4.025833333,72.80572222,9.0,301.82,0.19,1.0
4.025833333,72.80572222,11.0,301.82,0.19,0.25
4.025833333,72.80572222,5.0,301.76,0.23,1.5
4.025833333,72.80572222,12.0,301.76,0.23,3.75
4.048416667,72.95744444,5.0,301.92,1.83,0.5
4.048416667,72.95744444,7.0,301.92,1.83,0.0
4.048416667,72.95744444,10.0,301.92,1.83,2.5
4.055825,72.95638056,3.0,301.64,0.17,7.0
4.055825,72.95638056,5.0,301.64,0.17,12.0
4.055825,72.95638056,12.0,301.64,0.17,9.5
4.057972222,72.95627778,5.0,301.92,1.83,0.0
4.057972222,72.95627778,8.0,301.92,1.83,0.0
4.057972222,72.95627778,12.0,301.92,1.83,0.25
4.104333333,73.4265,5.5,301.88,0.68,0.0
4.104333333,73.4265,8.0,301.88,0.68,0.75
4.104333333,73.4265,10.0,301.88,0.68,2.25
4.118416667,73.46836111,5.0,301.82,0.17,2.5
4.118416667,73.46836111,10.0,301.82,0.17,0.0
4.218833333,72.75766667,2.5,301.96,0.47,1.0
4.218833333,72.75766667,8.0,301.96,0.47,2.0
4.218833333,72.75766667,7.0,301.96,0.47,0.5
4.238138889,73.53152778,5.0,301.71,0.17,0.0
4.240166667,73.544,10.0,301.71,0.52,1.0
4.252194444,72.77980556,5.0,302.06,0.08,0.5
4.252194444,72.77980556,8.0,302.06,0.08,0.75
4.252194444,72.77980556,11.5,302.06,0.08,0.5
4.2565,72.986,6.0,301.54,0.26,0.0
4.264472222,73.00983333,8.0,301.98,0.12,0.5
4.264527778,73.00072222,5.0,301.61,0.33,0.25
4.264527778,73.00072222,15.0,301.61,0.33,1.0
4.265638889,73.00255556,4.0,301.98,0.12,0.5
4.265638889,73.00255556,7.5,301.98,0.12,0.0
4.265638889,73.00255556,12.0,301.98,0.12,0.25
4.265638889,73.00255556,5.0,301.92,0.79,0.875
4.265638889,73.00255556,12.0,301.92,0.79,0.025
4.265638889,73.00255556,3.0,301.74,0.74,11.5
4.265638889,73.00255556,5.0,301.74,0.74,6.5
4.265638889,73.00255556,12.0,301.74,0.74,13.0
4.283444444,73.42805556,6.5,301.85,0.66,0.25
4.283444444,73.42805556,8.0,302.3,1.07,0.0
4.283444444,73.42805556,8.0,301.63,0.37,70.0
4.288166667,73.42033333,6.5,301.85,1.35,0.0
4.306888889,73.42322222,5.0,301.46,0.22,2.25
4.306888889,73.42322222,8.0,301.46,0.22,1.75
4.508333333,73.36111111,5.0,301.84,0.11,1.0
4.508333333,73.36111111,9.0,301.84,0.11,1.0
4.520833333,73.36111111,6.0,301.89,0.07,3.25
4.520833333,73.36111111,11.0,301.89,0.07,0.0
4.527777778,73.42222222,5.0,301.84,0.35,0.0
4.527777778,73.42222222,10.0,301.84,0.35,10.0
4.547222222,73.38055556,5.0,301.86,0.02,0.75
4.547222222,73.38055556,10.0,301.86,0.02,1.0
5.284194444,73.11427778,1.5,301.66,0.79,18.75
5.284194444,73.11427778,2.0,301.5,0.94,5.0
5.284194444,73.11427778,2.0,301.83,0.85,0.0
5.284194444,73.11427778,1.5,302.45,0.38,0.0
5.284194444,73.11427778,2.0,301.27,0.92,0.0
5.284972222,73.11369444,3.5,301.66,0.79,12.375
5.284972222,73.11369444,6.0,301.41,0.34,0.0
5.284972222,73.11369444,4.0,301.84,0.38,0.0
5.284972222,73.11369444,4.0,302.45,0.38,0.0
5.284972222,73.11369444,6.0,301.2,0.52,5.0
5.285027778,73.11294444,2.0,301.33,0.35,5.0
5.285027778,73.11294444,2.0,301.84,0.38,0.25
5.285027778,73.11294444,2.0,301.2,0.52,5.0
5.285277778,73.11375,12.0,301.41,0.34,0.0
5.285277778,73.11375,12.0,301.83,0.85,0.75
5.285277778,73.11375,12.0,301.2,0.52,0.0
14.52111111,-61.09619444,11.0,300.36,0.53,0.5
14.52111111,-61.09619444,8.5,299.35,0.75,0.75
14.52111111,-61.09619444,8.5,300.51,1.75,0.25
14.52111111,-61.09619444,8.5,299.56,0.54,36.25
14.75833333,-60.96,5.0,300.58,0.89,47.5
-19.66833333,63.41305556,12.0,262.15,0.2425,0.0
-19.66833333,63.41305556,6.0,262.15,0.2425,0.5
-19.66102778,63.43725,6.0,297.0,0.19,0.0
18.28755556,-87.82030556,9.9,301.56,1.24,9.75
18.33525,-87.80808333,11.7,262.15,1.325,0.0
20.32938889,-87.02755556,10.0,262.15,0.2675,15.0
20.33613889,-87.02747222,8.0,262.15,0.385,2.25
20.33677778,-87.03066667,10.0,262.15,0.2675,6.25
20.33722222,-87.02733333,8.3,262.15,0.385,1.75
20.36172222,-87.02727778,10.0,262.15,0.17,2.75
20.36427778,-87.33275,1.5,262.15,0.533333333,0.0
20.36427778,-87.33275,1.5,262.15,0.533333333,0.0
20.36427778,-87.33275,1.5,262.15,0.533333333,0.0
20.36427778,-87.33275,2.0,262.15,0.533333333,0.0
20.36427778,-87.33275,1.5,262.15,0.273333333,0.0
20.36427778,-87.33275,2.0,262.15,0.273333333,0.0
20.36427778,-87.33275,2.0,262.15,0.416666667,0.0
20.36427778,-87.33275,2.0,262.15,0.416666667,0.0
20.36427778,-87.33275,2.0,262.15,0.416666667,0.0
20.36427778,-87.33275,1.5,262.15,0.633333333,0.0
20.36427778,-87.33275,1.5,262.15,0.463333333,0.0
20.36427778,-87.33275,1.5,262.15,1.15,0.0
20.37961111,-87.02816667,13.0,262.15,0.3875,0.5
20.41194444,-87.02155556,9.5,299.43,0.45,0.5
20.44016667,-87.00275,11.5,300.49,0.18,1.0
20.46927778,-86.98302778,4.0,300.93,0.8,2.75
20.46927778,-86.98302778,10.0,300.93,0.8,0.0
20.47075,-86.98213889,10.7,301.44,0.04,0.0
20.47075,-86.98213889,9.7,300.25,0.31,0.0
20.58,-87.11305556,6.7,262.15,0.166666667,0.0
20.58,-87.11305556,8.3,262.15,0.123333333,0.0
20.62583333,-87.06277778,8.7,262.15,0.386666667,0.0
20.62583333,-87.06277778,9.0,262.15,0.293333333,0.0
16.76138889,-62.22941667,13.0,299.04,0.38,0.0
16.78758333,-62.21769444,12.0,299.0,0.39,0.0
16.79138889,-62.21647222,13.0,300.89,0.41,0.0
16.80983333,-62.20697222,5.0,300.77,0.67,0.5
16.80983333,-62.20697222,10.5,300.77,0.67,0.5
16.80983333,-62.20697222,5.0,300.77,0.05,0.0
16.80983333,-62.20697222,10.0,300.77,0.05,0.0
16.80983333,-62.20697222,11.0,300.89,0.41,0.0
16.82152778,-62.206,12.0,298.99,0.58,0.0
-11.92333333,40.49166667,11.4,262.15,0.503333333,0.0
10.14741667,97.97041667,5.0,302.43,0.56,0.0
10.14861111,97.97463889,5.5,302.41,0.65,0.0
10.14861111,97.97463889,5.5,302.41,0.65,0.0
10.15788889,98.13883333,5.0,302.8,0.45,0.0
10.15788889,98.13883333,6.0,302.59,0.79,0.0
10.46588889,98.24463889,2.5,302.85,0.58,0.0
10.46588889,98.24463889,7.0,302.85,0.58,0.0
10.46686111,98.21955556,2.0,302.69,0.28,0.0
10.46686111,98.21955556,2.5,302.76,0.26,0.25
10.47302778,98.17144444,2.5,302.75,0.17,0.0
10.57102778,98.03094444,5.5,302.51,0.61,0.0
10.57102778,98.03094444,2.5,302.68,0.3,0.0
10.68213889,98.18444444,5.0,302.64,0.36,0.0
10.70111111,98.23219444,5.0,302.55,0.72,0.0
10.79944444,98.20138889,4.5,303.02,1.35,0.0
10.79944444,98.20138889,8.5,303.02,1.35,0.0
10.96933333,98.14483333,5.0,302.42,0.97,0.0
12.04097222,-68.75083333,6.0,262.15,0.98,0.0
12.04097222,-68.75083333,12.0,262.15,0.98,0.0
12.04097222,-68.75083333,6.0,262.15,0.683333333,1.25
12.04097222,-68.75083333,12.0,262.15,0.683333333,0.0
12.04097222,-68.75083333,6.0,262.15,0.726666667,0.0
12.04097222,-68.75083333,12.0,262.15,0.726666667,0.0
12.04097222,-68.75083333,12.0,262.15,0.665,0.0
12.04097222,-68.75083333,6.0,262.15,0.075,0.625
12.04097222,-68.75083333,12.0,262.15,0.075,0.25
12.07452778,-68.87919444,13.0,300.93,0.51,0.5
12.07452778,-68.87919444,12.0,299.66,0.01,0.0
12.07452778,-68.87919444,6.0,300.24,0.01,0.0
12.07452778,-68.87919444,12.0,300.24,0.01,0.0
12.07452778,-68.87919444,6.0,299.51,0.87,0.0
12.07452778,-68.87919444,12.0,299.51,0.87,0.0
12.07452778,-68.87919444,12.0,299.73,0.28,0.0
12.08119444,-68.89552778,16.7,262.15,0.2875,33.75
12.08322222,-68.89708333,4.0,262.15,0.585,0.0
12.08322222,-68.89708333,4.0,262.15,0.185,1.5
12.08322222,-68.89708333,4.0,262.15,0.755,10.5
12.08322222,-68.89708333,4.0,262.15,0.3625,0.0
12.08322222,-68.89708333,4.0,262.15,0.5375,0.0
12.09,-68.90555556,12.0,262.15,0.0225,82.5
12.13936111,-68.99722222,13.0,301.41,0.74,0.25
12.13958333,-69.83716667,6.0,299.66,1.5,1.0
12.13958333,-69.83716667,12.0,299.66,1.5,3.75
12.13958333,-69.83716667,6.0,299.67,0.11,1.0
12.13958333,-69.83716667,12.0,299.67,0.11,0.0
12.13958333,-69.83716667,6.0,299.06,1.54,0.0
12.13958333,-69.83716667,12.0,299.06,1.54,0.0
12.13958333,-69.83716667,12.0,299.06,0.25,0.0
12.13958333,-69.83716667,6.0,299.38,0.78,0.0
12.13958333,-69.83716667,12.0,299.38,0.78,0.0
12.21813889,-69.08663889,10.0,298.85,1.28,0.0
12.21813889,-69.08663889,10.0,300.52,0.06,0.0
12.21813889,-69.08663889,10.0,298.85,1.27,0.0
12.21813889,-69.08663889,10.0,300.52,0.39,0.0
12.21813889,-69.08663889,10.0,298.85,0.0,0.0
12.21813889,-69.08663889,10.0,299.7,0.12,0.0
12.21813889,-69.08663889,10.0,300.97,0.25,0.0
12.21813889,-69.08663889,10.0,299.8,0.97,0.0
12.21813889,-69.08663889,10.0,301.17,1.77,12.5
12.21813889,-69.08663889,10.0,301.17,0.27,0.0
12.21861111,-69.08747222,12.0,300.39,0.09,0.0
12.21861111,-69.08747222,12.0,298.85,1.28,0.0
12.21861111,-69.08747222,12.0,298.85,0.25,0.0
12.21861111,-69.08747222,11.0,301.17,0.32,0.0
12.21861111,-69.08747222,12.0,299.7,0.12,0.0
12.21861111,-69.08747222,12.0,300.97,0.24,0.0
12.21861111,-69.08747222,12.0,299.7,0.55,0.0
12.21861111,-69.08747222,12.0,301.17,1.77,14.75
12.21861111,-69.08747222,12.0,301.17,0.27,0.0
12.21861111,-69.08722222,6.0,300.39,0.09,0.0
12.21861111,-69.08722222,6.0,298.85,1.28,0.0
12.21861111,-69.08722222,6.0,300.52,0.06,0.0
12.21861111,-69.08722222,6.0,298.85,0.0,0.0
12.21861111,-69.08722222,6.0,300.52,0.36,0.0
12.21861111,-69.08722222,6.0,301.17,0.28,0.0
12.21861111,-69.08722222,6.0,299.76,0.7,0.0
12.21861111,-69.08722222,6.0,300.97,0.62,21.0
12.21861111,-69.08722222,6.0,301.34,0.39,0.0
12.21883333,-69.08733333,12.5,300.1,0.27,0.0
12.21905556,-69.08777778,6.0,299.7,0.12,0.0
12.21905556,-69.08777778,12.0,299.7,0.12,0.0
12.21905556,-69.08777778,6.0,299.76,0.77,0.0
12.21905556,-69.08777778,12.0,299.76,0.77,0.5
12.21905556,-69.08777778,6.0,300.18,0.28,0.0
12.21905556,-69.08777778,12.0,300.18,0.28,0.5
12.21905556,-69.08777778,6.0,299.76,1.33,1.25
12.21905556,-69.08777778,12.0,299.76,1.33,0.75
12.21905556,-69.08777778,12.0,299.76,0.31,1.25
12.21905556,-69.08777778,6.0,300.03,0.33,1.25
12.21905556,-69.08777778,12.0,300.03,0.33,1.25
12.21947222,-68.35955556,3.0,262.15,0.314,0.25
12.21947222,-68.35955556,10.0,262.15,0.314,0.75
12.21988889,-69.08711111,13.0,301.17,1.22,0.25
12.26027778,-69.12027778,12.0,300.07,1.1,1.0
12.27908333,-69.14511111,6.0,299.85,0.12,8.25
12.27908333,-69.14511111,12.0,299.85,0.12,0.25
12.27908333,-69.14511111,6.0,299.75,0.77,0.0
12.27908333,-69.14511111,12.0,299.75,0.77,0.0
12.27908333,-69.14511111,6.0,300.15,0.38,0.0
12.27908333,-69.14511111,12.0,300.15,0.38,0.0
12.27908333,-69.14511111,6.0,299.54,0.15,8.25
12.27908333,-69.14511111,12.0,299.54,0.15,0.0
12.27908333,-69.14511111,6.0,299.54,0.49,0.025
12.27908333,-69.14511111,12.0,299.54,0.49,0.0
12.27908333,-69.14511111,6.0,299.75,0.53,1.0
12.27908333,-69.14511111,12.0,299.75,0.53,0.375
12.28077778,-69.14494444,6.5,300.75,0.64,5.0
12.28077778,-69.14494444,13.0,300.75,0.64,3.0
12.3175,-69.1525,14.0,262.15,1.0675,1.0
12.3175,-69.1525,14.0,262.15,1.0675,1.0
12.32802778,-69.15180556,13.0,262.15,1.0675,1.0
12.38483333,-69.16002778,13.0,300.56,1.73,0.0
12.38483333,-69.16002778,12.0,300.02,0.95,12.5
12.38483333,-69.16002778,12.0,300.42,0.42,12.5
12.38483333,-69.16002778,12.0,299.61,0.93,0.25
12.38483333,-69.16002778,12.0,299.61,0.07,3.5
12.41838889,-69.88394444,2.3,262.15,0.716666667,0.25
12.41838889,-69.88394444,10.0,262.15,0.716666667,2.5
12.46186111,-69.96666667,10.0,262.15,1.3025,0.0
12.46186111,-69.96666667,12.0,262.15,1.3025,0.0
12.46263889,-69.96680556,3.3,262.15,1.1125,5.75
12.46263889,-69.96680556,10.0,262.15,1.1125,1.0
12.46277778,-69.97111111,10.0,262.15,0.865,0.0
12.46455556,-69.9685,5.0,262.15,0.7225,15.0
12.46455556,-69.9685,10.7,262.15,0.7225,12.5
17.46277778,-62.9775,16.0,262.15,0.90125,0.0
17.46277778,-62.9775,16.0,262.15,0.90125,0.0
17.46277778,-62.9775,17.0,262.15,0.6975,4.25
17.46277778,-62.9775,17.0,262.15,0.185,0.0
17.46694444,-62.99083333,19.0,262.15,0.90125,0.0
17.46694444,-62.99083333,19.0,262.15,0.90125,0.0
17.46694444,-62.99083333,18.0,262.15,0.6975,0.75
17.46694444,-62.99083333,18.0,262.15,0.0275,0.0
17.46694444,-62.99083333,18.5,262.15,0.17625,0.0
17.46694444,-62.99083333,19.0,262.15,1.76,0.0
17.46694444,-62.99083333,20.0,262.15,0.19625,0.75
17.51694444,-63.00583333,15.0,300.42,0.37,0.0
18.00555556,-63.05963889,15.8,262.15,0.406666667,0.0
-22.64216667,166.3033333,3.0,297.1,0.67,0.0
-22.64216667,166.3033333,3.0,297.34,0.19,0.0
-22.44383333,166.3686667,8.0,299.39,0.28,0.0
-22.44383333,166.3686667,8.0,297.66,0.68,0.0
-22.44383333,166.3686667,6.8,296.86,1.26,0.25
-22.39416667,166.8827778,4.0,298.83,0.31,0.0
-22.39416667,166.8827778,4.0,299.18,0.37,0.0
-22.39416667,166.8827778,4.0,299.06,0.2,0.0
-22.39416667,166.8827778,4.0,297.85,0.11,0.25
-22.39416667,166.8827778,4.0,298.95,0.29,0.0
-22.39416667,166.8827778,4.0,298.03,0.15,0.0
-22.35611111,166.8472222,5.0,298.83,1.76,0.0
-22.35611111,166.8472222,5.0,297.82,0.33,0.0
-22.35611111,166.8472222,1.0,298.73,0.88,0.0
-22.35611111,166.8472222,1.0,297.91,1.17,0.0
-22.33883333,166.2381667,5.0,297.82,0.23,0.0
-22.33883333,166.2381667,5.0,297.02,1.43,0.0
-22.333,166.4238333,3.5,297.55,0.93,0.0
-22.333,166.4238333,4.0,296.41,0.81,5.0
-22.316,166.4553333,2.5,297.52,0.85,0.0
-22.316,166.4553333,3.0,296.29,0.55,1.75
-22.29383333,166.2965,5.0,297.71,0.18,0.0
-22.29383333,166.2965,4.0,296.82,1.24,0.0
-22.258,166.3856667,3.0,297.01,0.09,0.0
-22.258,166.3856667,3.0,296.44,0.63,0.75
-21.66163889,165.4533056,2.0,262.15,0.27,0.0
-21.66163889,165.4533056,2.0,262.15,0.05,0.5
-21.66163889,165.4533056,1.0,262.15,0.25,0.0
-21.66163889,165.4533056,1.0,262.15,0.476666667,0.0
-21.65352778,165.4562778,3.0,262.15,0.453333333,0.0
-21.65352778,165.4562778,2.5,262.15,0.05,0.25
-21.65352778,165.4562778,3.5,262.15,0.25,0.0
-21.65352778,165.4562778,3.5,262.15,0.476666667,0.0
-21.64216667,166.3033333,3.0,300.45,0.25,0.0
-21.64216667,166.3033333,3.0,300.45,0.62,0.0
-21.62983333,165.4541667,4.0,262.15,0.05,0.0
-21.62983333,165.4541667,4.0,262.15,0.25,0.0
-21.62983333,165.4541667,4.0,262.15,0.476666667,0.0
-21.59336111,166.2634444,6.0,300.44,0.27,0.0
-21.59336111,166.2634444,6.0,300.44,0.86,0.0
-21.59336111,166.2634444,4.5,299.61,0.12,0.0
-21.59336111,166.2634444,4.5,297.72,1.01,0.0
-21.59336111,166.2634444,4.5,297.98,0.0,0.0
-21.59336111,166.2634444,4.5,299.8,0.71,0.0
-21.55633333,166.3374722,6.5,300.41,0.59,0.0
-21.55633333,166.3374722,6.0,297.86,0.17,0.0
-21.55633333,166.3374722,6.0,296.57,0.89,0.0
-21.55633333,166.3374722,6.0,299.87,0.54,0.0
-21.41058333,164.9584444,3.0,298.19,1.82,0.0
-21.41058333,164.9584444,3.0,298.46,0.26,0.0
-21.41058333,164.9584444,3.0,298.72,1.67,2.5
-21.41058333,164.9584444,3.0,298.72,0.94,0.0
-21.41058333,164.9584444,2.0,299.53,0.68,0.0
-21.41058333,164.9584444,2.0,297.89,0.5,0.0
-21.38033333,164.96725,4.0,298.19,1.82,0.0
-21.38033333,164.96725,4.0,298.46,0.26,0.0
-21.38033333,164.96725,4.0,298.72,1.67,0.0
-21.38033333,164.96725,4.0,298.72,0.94,0.0
-21.38033333,164.96725,3.5,299.53,0.68,0.0
-21.38033333,164.96725,3.5,297.89,0.5,0.0
-21.36730556,164.9805833,3.0,298.47,0.33,0.0
-21.36730556,164.9805833,4.0,298.74,1.73,0.0
-21.36730556,164.9805833,3.0,298.74,0.9,0.0
-21.36730556,164.9805833,3.0,299.46,0.56,0.0
-21.36730556,164.9805833,3.0,297.82,0.57,0.0
-21.218,164.7628056,3.0,298.12,0.16,0.0
-21.218,164.7628056,2.0,299.17,0.68,0.0
-21.218,164.7628056,2.5,298.92,0.43,0.0
-21.218,164.7628056,2.5,298.92,0.42,0.0
-21.218,164.7628056,2.5,299.74,0.6,0.0
-21.218,164.7628056,2.5,297.76,0.72,0.0
-21.19466667,164.7780278,2.5,298.16,0.43,0.0
-21.19466667,164.7780278,2.5,298.72,0.4,0.0
-21.19466667,164.7780278,2.5,299.25,0.72,0.0
-21.19466667,164.7780278,4.0,298.99,0.41,0.0
-21.19466667,164.7780278,4.0,297.64,0.81,0.0
-21.08713889,164.7624722,1.0,298.85,0.41,0.0
-21.08713889,164.7624722,2.0,298.56,0.13,0.0
-21.08713889,164.7624722,2.0,299.12,0.8,0.0
-21.03094444,167.4188056,6.0,298.88,0.38,0.0
-21.03094444,167.4188056,6.0,299.13,0.27,0.0
-21.03094444,167.4188056,6.0,299.13,0.27,0.0
-21.03094444,167.4188056,5.0,300.64,0.22,0.0
-21.02613889,167.4120278,3.0,298.88,0.38,0.0
-21.02613889,167.4120278,8.0,299.13,0.27,0.0
-20.91566667,167.2740556,5.0,262.15,0.263333333,0.0
-20.91566667,167.2740556,5.0,262.15,0.34,0.0
-20.90666667,167.2643611,5.0,262.15,1.155,0.0
-20.90666667,167.2643611,5.0,262.15,0.22,0.0
-20.90666667,167.2643611,5.0,262.15,0.085,0.0
-20.90186111,167.2630278,2.0,262.15,1.155,0.0
-20.79394444,167.1568889,5.0,262.15,0.205,0.0
-20.79394444,167.1568889,5.0,262.15,0.15,0.0
-20.79394444,167.1568889,6.0,262.15,0.135,0.0
-20.78788889,167.1217778,2.0,299.23,0.34,0.0
-20.78788889,167.1217778,2.0,299.23,0.44,0.0
-20.78788889,167.1217778,2.0,300.64,0.22,0.75
-20.78788889,167.1217778,1.0,298.58,0.49,0.0
-20.78788889,167.1217778,1.0,298.58,0.15,0.0
-20.78466667,167.1171389,5.0,262.15,0.2,0.0
-20.78466667,167.1171389,5.0,262.15,0.243333333,0.0
-20.78466667,167.1171389,6.0,262.15,0.406666667,0.0
-20.78466667,167.1171389,6.0,262.15,0.03,0.0
-20.69541667,164.9985,4.0,300.51,0.21,0.0
-20.69541667,164.9985,4.0,299.44,0.14,0.0
-20.69541667,164.9985,3.0,300.76,0.11,0.0
-20.69058333,164.9924444,4.0,299.53,0.6,0.0
-20.69058333,164.9924444,4.0,300.03,0.55,0.0
-20.64463889,164.9832222,4.0,299.46,0.4,0.0
-20.64463889,164.9832222,4.0,299.46,0.0,0.0
-20.64463889,164.9832222,4.0,299.96,0.11,0.0
-20.64463889,164.9832222,4.0,300.43,0.36,0.0
-20.64463889,164.9832222,3.5,299.47,0.3,0.0
-20.63052778,165.0716944,4.5,299.44,0.14,0.0
-20.63052778,165.0716944,5.0,299.92,0.05,0.0
-20.63052778,165.0716944,5.0,299.43,0.77,0.0
-20.63052778,165.0716944,4.5,300.92,0.16,0.0
20.37263889,58.80594444,6.0,262.15,1.485,0.0
20.37263889,58.80594444,10.0,262.15,1.485,0.0
22.69180556,59.38038889,3.0,302.84,0.73,0.0
22.69180556,59.38038889,6.0,302.84,0.73,0.0
23.52261111,58.74658333,6.0,303.67,2.34,0.0
23.64561111,58.49983333,3.0,297.4,0.89,0.0
23.64561111,58.49983333,5.0,297.4,0.89,0.0
23.67927778,58.5015,5.0,297.46,0.87,0.0
23.67927778,58.5015,10.5,297.46,0.87,0.0
23.68022222,58.4995,5.0,297.46,0.87,0.0
23.68022222,58.4995,10.5,297.46,0.87,0.0
24.41997222,56.67380556,3.0,296.23,0.84,0.0
24.41997222,56.67380556,6.0,296.23,0.84,0.0
25.83380556,56.36413889,4.0,262.15,0.645,1.0
26.08361111,56.42416667,3.0,298.87,1.65,0.0
26.08361111,56.42416667,6.5,298.87,1.65,0.0
26.08361111,56.42416667,4.0,298.87,0.09,0.0
26.08408333,56.42536111,3.5,299.42,1.53,0.0
26.08644444,56.42863889,6.0,298.31,0.1,0.0
26.13216667,56.47377778,3.2,298.88,0.63,0.0
26.13216667,56.47377778,9.0,298.88,0.63,0.0
26.13216667,56.47377778,4.0,299.44,1.06,0.75
26.14422222,56.47341667,3.0,298.88,0.63,0.0
26.14422222,56.47341667,9.0,298.88,0.63,0.0
26.14583333,56.47380556,4.0,299.44,1.06,0.5
26.15133333,56.38094444,8.0,298.37,0.48,0.0
26.1625,56.35527778,6.0,300.06,0.78,0.0
26.1625,56.35527778,8.0,300.06,0.78,0.0
26.1625,56.35527778,4.0,299.63,1.87,0.0
26.1625,56.35527778,9.0,299.63,1.87,0.5
26.18605556,56.38769444,6.5,298.78,0.48,0.0
26.18916667,56.47130556,2.5,298.84,0.41,0.0
26.18916667,56.47130556,7.5,298.84,0.41,0.0
26.18916667,56.47130556,4.0,299.39,1.6,1.25
26.23027778,56.43583333,2.2,262.15,2.106,0.0
26.23027778,56.43583333,8.5,262.15,2.106,0.0
26.23027778,56.43583333,3.5,262.15,1.1,0.5
26.23027778,56.43583333,7.5,262.15,1.1,1.25
26.23105556,56.48222222,2.5,298.83,0.55,0.125
26.23105556,56.48222222,7.5,298.83,0.55,0.0
26.23105556,56.48222222,4.0,299.37,1.93,0.0
26.23555556,56.46,2.5,299.37,2.07,0.75
26.23555556,56.46,10.0,299.37,2.07,0.125
26.26388889,56.41055556,3.0,299.27,1.26,0.0
26.26388889,56.41055556,10.0,299.27,1.26,0.5
26.26425,56.40925,3.7,262.15,1.22,0.0
26.26425,56.40925,7.5,262.15,1.22,36.25
26.29725,56.33427778,4.0,262.15,0.296666667,2.5
26.298,56.331,4.0,262.15,0.296666667,3.0
26.32844444,56.46061111,3.0,298.77,1.55,0.0
26.32844444,56.46061111,7.5,298.77,1.55,0.0
26.32844444,56.46061111,3.5,299.79,1.91,2.0
26.32844444,56.46061111,8.0,299.79,1.91,0.5
26.3295,56.46030556,4.0,300.27,0.25,0.0
26.34269444,56.46963889,3.5,298.24,0.41,0.0
26.34269444,56.46963889,7.5,298.24,0.41,0.0
26.34580556,56.48033333,4.0,299.79,1.91,0.0
26.34580556,56.48033333,7.5,299.79,1.91,0.0
26.34580556,56.48033333,3.0,299.79,1.83,0.5
26.34580556,56.48033333,2.0,299.79,0.51,0.0
26.34580556,56.48033333,6.0,299.79,0.51,0.0
26.34722222,56.48083333,2.0,299.29,2.17,0.25
26.34722222,56.48083333,8.0,299.29,2.17,2.5
26.34722222,56.48083333,2.5,298.24,1.66,0.0
26.34722222,56.48083333,6.0,298.24,1.66,0.0
26.35572222,56.49905556,4.0,299.91,0.64,0.25
26.35572222,56.49905556,9.0,299.91,0.64,0.25
26.35816667,56.49805556,4.0,299.91,0.64,0.0
26.35816667,56.49805556,10.0,299.91,0.64,0.0
26.35816667,56.49805556,3.0,298.28,0.66,0.0
26.35816667,56.49805556,7.0,298.28,0.66,0.0
26.35816667,56.49805556,3.0,298.28,0.45,0.0
26.35816667,56.49805556,8.0,298.28,0.45,0.25
26.36547222,56.45202778,4.0,299.79,1.91,0.0
26.36547222,56.45202778,7.0,299.79,1.91,0.0
26.36547222,56.45202778,3.0,299.79,1.83,0.0
26.36547222,56.45202778,9.0,299.79,1.83,0.25
26.36547222,56.45202778,3.0,299.79,0.51,0.0
26.36547222,56.45202778,8.0,299.79,0.51,0.0
26.36547222,56.45202778,4.0,300.27,0.25,0.0
26.36547222,56.45202778,3.0,299.79,0.73,0.0
26.36547222,56.45202778,7.0,299.79,0.73,0.5
26.36547222,56.45202778,3.0,298.24,1.66,7.5
26.36547222,56.45202778,7.0,298.24,1.66,0.0
26.36555556,56.45222222,3.2,299.29,2.17,0.0
26.36555556,56.45222222,10.0,299.29,2.17,0.0
26.36830556,56.5345,4.0,298.28,0.66,0.0
26.36830556,56.5345,7.0,298.28,0.66,0.25
26.37388889,56.41508333,4.0,299.6,1.1,0.0
26.37388889,56.41508333,9.0,299.6,1.1,0.0
26.37388889,56.41508333,4.0,299.6,1.67,0.0
26.37388889,56.41508333,9.0,299.6,1.67,0.0
26.37458333,56.38913889,4.0,298.16,0.43,0.0
26.37458333,56.38913889,7.0,298.16,0.43,0.0
26.375,56.38361111,2.5,299.14,1.81,0.0
26.375,56.38361111,10.0,299.14,1.81,0.0
26.375,56.38361111,4.0,299.14,0.38,0.25
26.37547222,56.38538889,5.5,299.62,0.52,0.25
26.37547222,56.38538889,3.5,298.16,1.46,0.0
26.37547222,56.38538889,7.0,298.16,1.46,0.0
26.37583333,56.41638889,3.0,299.12,1.9,0.0
26.37583333,56.41638889,10.0,299.12,1.9,0.0
26.37583333,56.41638889,4.0,300.06,0.26,0.5
26.37583333,56.41638889,3.0,299.6,0.3,0.0
26.37583333,56.41638889,6.0,299.6,0.3,0.0
26.37583333,56.41638889,3.0,298.15,0.41,0.25
26.37583333,56.41638889,8.0,298.15,0.41,0.0
26.37658333,56.44866667,3.0,298.15,1.07,0.0
26.37658333,56.44866667,8.0,298.15,1.07,0.0
26.38194444,56.41833333,2.5,299.12,1.9,0.0
26.38194444,56.41833333,11.0,299.12,1.9,0.0
26.38194444,56.41833333,5.0,300.06,0.26,0.75
26.38194444,56.41833333,3.5,299.6,0.3,0.0
26.38194444,56.41833333,9.5,299.6,0.3,0.5
26.38194444,56.41833333,3.3,298.15,1.07,0.0
26.38194444,56.41833333,7.5,298.15,1.07,0.0
26.38305556,56.41925,4.0,299.6,1.56,0.5
26.38305556,56.41925,8.5,299.6,1.56,1.0
26.38305556,56.41925,3.0,299.6,1.1,0.0
26.38305556,56.41925,8.0,299.6,1.1,0.25
26.38305556,56.41925,2.0,299.6,1.67,0.25
26.38305556,56.41925,7.0,299.6,1.67,2.25
26.38386111,56.39938889,3.0,298.16,0.43,0.25
26.38386111,56.39938889,6.0,298.16,0.43,0.0
26.38444444,56.37944444,5.0,299.14,1.81,0.125
26.38444444,56.37944444,8.5,299.14,1.81,0.75
26.38444444,56.37944444,3.0,299.62,0.37,0.0
26.38444444,56.37944444,8.0,299.62,0.37,0.25
26.38444444,56.37944444,3.0,299.62,1.34,0.0
26.38444444,56.37944444,7.0,299.62,1.34,0.0
26.38502778,56.42075,6.0,299.6,0.3,0.5
26.38502778,56.42075,7.0,299.6,0.3,0.0
7.2585,134.5243333,10.0,302.09,0.36,0.0
7.2585,134.5243333,10.0,302.34,0.25,0.0
7.259,134.5256667,3.0,302.09,0.36,0.0
7.259444444,134.5247222,3.0,302.34,0.25,0.0
7.284833333,134.4735,3.0,302.01,0.26,0.0
7.284833333,134.4735,10.0,302.01,0.26,0.25
9.117722222,-81.82563889,3.0,262.15,0.103333333,1.25
9.342,-82.20919444,4.0,302.09,1.52,0.5
9.638861111,-79.55219444,4.0,301.02,0.27,0.0
-9.591666667,147.2841667,10.0,299.33,0.01,0.25
-9.586666667,147.29,8.0,299.33,0.01,0.0
-4.611388889,145.8919444,3.0,262.15,0.7425,0.0
-4.611388889,145.8919444,9.0,262.15,0.7425,0.0
-4.590833333,145.8952778,6.0,262.15,0.605,10.0
-4.590833333,145.8952778,2.5,262.15,0.1625,0.015
-4.590833333,145.8952778,7.0,262.15,0.1625,0.125
-4.590833333,145.8952778,7.0,262.15,0.1625,0.0
-4.588055556,145.8944444,7.5,262.15,0.605,5.0
-4.586388889,145.9016667,11.0,262.15,0.75,0.0
-4.586388889,145.9016667,3.5,262.15,0.75,0.0
-4.575833333,145.9122222,4.5,262.15,0.5475,0.0
-4.575833333,145.9122222,8.5,262.15,0.5475,0.0
-2.683888889,150.6413889,4.0,302.63,1.33,2.5
-2.672583333,150.2466111,3.0,302.43,0.21,10.0
-2.672583333,150.2466111,15.0,302.43,0.21,0.0
-2.670833333,150.6288889,3.0,302.72,1.85,0.25
-2.669666667,150.2541389,3.0,302.43,0.21,0.0
-2.669666667,150.2541389,15.0,302.43,0.21,0.0
-2.605833333,150.7647222,6.0,302.67,0.73,0.0
-2.605555556,150.7652778,3.0,302.67,0.73,5.0
-2.596666667,150.7669444,10.0,302.67,0.73,2.5
-2.579444444,150.7716667,3.0,302.71,0.66,2.5
-2.569166667,150.7761111,4.0,302.78,0.63,2.5
-2.569166667,150.7761111,4.0,302.86,0.35,0.0
-1.530555556,149.5836111,2.5,302.7,0.43,0.0
-1.53,149.5788889,10.0,302.66,0.92,0.0
-1.523611111,149.5816667,3.0,302.66,0.92,0.0
9.056416667,123.1361944,5.0,302.11,0.41,0.0
9.056416667,123.1361944,10.0,302.11,0.41,0.0
9.107416667,123.2085556,5.0,302.15,0.52,0.0
9.107416667,123.2085556,10.0,302.15,0.52,0.0
9.181722222,123.2583333,4.0,299.7,0.04,0.25
9.181722222,123.2583333,10.0,299.7,0.04,1.0
9.433861111,123.3928056,8.5,302.03,0.8,0.0
9.515361111,123.6791667,10.5,302.25,1.1,0.0
9.5195,123.6801667,5.0,302.15,1.27,0.0
9.5195,123.6801667,10.0,302.15,1.27,0.0
9.554666667,123.4599167,8.0,302.09,1.78,0.0
9.554666667,123.4599167,10.0,302.09,1.78,0.0
9.574611111,123.8240833,3.0,302.07,0.77,0.0
9.574611111,123.8240833,10.0,302.07,0.77,0.0
9.643027778,123.8172222,5.0,301.98,0.61,2.0
9.643027778,123.8172222,11.0,301.98,0.61,0.0
9.65525,118.7378889,6.0,302.23,0.67,0.0
9.65525,118.7378889,7.0,302.23,0.67,0.0
9.824583333,123.5745556,6.0,302.03,1.07,0.0
9.824583333,123.5745556,12.0,302.03,1.07,4.5
9.867,122.3740278,3.0,262.15,1.0175,0.0
9.867,122.3740278,10.0,262.15,1.0175,0.0
9.874305556,122.3808611,12.0,302.67,0.74,0.0
9.875416667,122.38,6.0,302.67,0.74,0.0
9.879944444,122.3719444,6.0,302.67,0.74,0.0
9.879944444,122.3719444,10.0,302.67,0.74,0.0
9.898138889,123.7683056,11.5,302.23,0.63,0.0
9.921111111,123.3914444,3.0,262.15,0.086666667,0.0
9.921111111,123.3914444,12.0,262.15,0.086666667,0.0
9.921111111,123.3914444,4.0,262.15,1.833333333,0.75
9.921111111,123.3914444,11.0,262.15,1.833333333,0.25
9.923666667,118.8285278,6.0,302.32,1.43,0.0
9.923666667,118.8285278,12.0,302.32,1.43,0.0
9.923666667,118.8285278,6.0,302.32,1.43,10.0
9.923666667,118.8285278,12.0,302.32,1.43,5.0
9.93,123.3911389,3.5,262.15,1.833333333,0.5
9.93,123.3911389,11.0,262.15,1.833333333,0.75
9.930222222,123.3909167,6.0,262.15,0.38,0.0
9.930222222,123.3909167,10.0,262.15,0.38,0.0
9.933944444,123.3879167,3.0,262.15,0.38,6.25
9.933944444,123.3879167,10.0,262.15,0.38,0.0
9.934305556,123.3870278,3.5,262.15,1.833333333,0.5
9.934305556,123.3870278,11.0,262.15,1.833333333,0.75
9.934861111,123.3790278,5.0,262.15,0.38,0.0
9.934861111,123.3790278,12.0,262.15,0.38,0.0
9.934861111,123.3790278,6.0,262.15,1.773333333,1.0
9.934861111,123.3790278,10.0,262.15,1.773333333,2.0
9.964277778,123.365,3.0,262.15,1.935,2.0
9.964277778,123.365,11.0,262.15,1.935,2.0
9.966722222,118.9166667,4.0,262.15,1.52,15.0
9.966722222,118.9166667,5.0,262.15,1.52,0.0
9.972666667,123.3685278,3.0,262.15,0.33,0.0
9.972666667,123.3686389,2.2,262.15,0.33,0.0
9.996944444,123.37,4.0,262.15,0.33,0.0
9.996944444,123.37,10.0,262.15,0.33,0.0
9.997166667,123.3535833,4.0,301.9,2.22,2.0
9.997166667,123.3535833,10.0,301.9,2.22,1.0
9.999166667,123.3729167,4.9,302.0,0.35,20.0
9.999166667,123.3729167,11.0,302.0,0.35,1.0
9.999166667,123.3729167,4.5,302.09,1.51,3.0
9.999166667,123.3729167,10.0,302.09,1.51,1.0
10.01127778,125.0161111,9.0,300.51,0.86,0.25
10.01127778,125.0161111,6.0,300.51,0.86,1.0
10.01127778,125.0161111,12.0,300.72,0.66,2.5
10.01191667,125.0156111,6.0,300.51,0.86,0.25
10.01191667,125.0156111,12.0,300.51,0.86,0.0
10.01283333,125.0150556,9.0,300.31,0.61,1.25
10.0135,125.0144444,9.0,299.78,0.69,1.25
10.0135,125.0144444,12.0,300.51,0.86,0.25
10.01438889,125.0133333,6.0,300.21,0.13,0.0
10.01438889,125.0133333,9.0,299.98,0.19,0.05025
10.01502778,125.0132778,12.0,300.21,0.13,0.0
10.01502778,125.0132778,6.0,299.78,0.69,0.0
10.01502778,125.0132778,12.0,299.98,0.19,0.5
10.01577778,125.0125278,12.0,301.75,0.52,0.0
10.01577778,125.0125278,9.0,300.39,0.22,1.875
10.01577778,125.0125278,6.0,299.98,0.34,0.0
10.01577778,125.0125278,12.0,299.98,0.34,0.0
10.0165,125.0120833,12.0,301.38,0.4,0.0
10.0165,125.0120833,6.0,299.98,0.34,0.0
10.0165,125.0120833,12.0,302.05,0.73,0.1
10.01722222,125.0114722,12.0,299.78,0.69,0.0
10.01722222,125.0114722,9.0,300.72,0.66,1.0
10.01722222,125.0114722,6.0,300.72,0.66,1.5
10.01722222,125.0114722,12.0,302.05,0.73,0.2875
10.01794444,125.0108889,12.0,299.78,0.69,0.0
10.01794444,125.0108889,12.0,302.05,0.73,1.145
10.01916667,125.0104167,12.0,302.05,0.73,3.0
10.01925,118.7796111,2.0,262.15,1.69,0.0
10.01925,118.7796111,2.0,262.15,1.69,0.0
10.01997222,125.01,9.0,302.18,0.97,0.0
10.01997222,125.0101111,12.0,302.05,0.73,0.375
10.02013889,125.0090833,12.0,299.98,0.34,0.0
10.02013889,125.0090833,12.0,302.05,0.73,1.0
10.02275,123.4036389,4.0,262.15,1.595,2.0
10.02275,123.4036389,10.0,262.15,1.595,0.0
10.02319444,125.0682222,12.0,300.2,0.14,1.25
10.02319444,125.0682222,9.0,300.2,0.14,0.75
10.02447222,125.0216667,12.0,300.51,0.86,0.0
10.02525,125.06825,9.0,300.04,0.03,0.75
10.02525,125.06825,12.0,300.04,0.03,3.125
10.02525,125.06825,9.0,300.67,0.12,0.5
10.02972222,125.0197778,12.0,300.51,0.86,0.0
10.04238889,118.8030556,2.0,262.15,0.983333333,0.0
10.04238889,118.8030556,2.0,262.15,0.983333333,0.0
10.05291667,123.2531111,12.8,302.14,1.82,0.0
10.06222222,125.1338889,12.0,262.15,1.098,1.0
10.06222222,125.1338889,12.0,262.15,1.098,5.5
10.06583333,125.1347222,12.0,262.15,1.112,1.0
10.06583333,125.1347222,9.0,262.15,1.112,0.25
10.06666667,125.13525,12.0,262.15,0.826,0.25
10.06691667,125.1351944,12.0,262.15,0.042,5.0
10.06691667,125.1351944,4.5,262.15,0.042,7.5
10.06694444,125.1344444,12.0,262.15,0.042,5.0
10.06694444,125.1344444,12.0,262.15,1.098,5.5
10.06722222,125.1352222,12.0,262.15,0.826,0.0
10.0675,125.1351944,12.0,262.15,1.014,0.5
10.06777778,125.1351667,12.0,262.15,1.014,0.0
10.06805556,125.1351389,6.0,262.15,0.236,1.0
10.06833333,125.1351111,6.0,262.15,0.236,0.25
10.06888889,125.1350556,9.0,262.15,0.962,0.0
10.06916667,125.1350278,9.0,262.15,0.962,0.0
10.06944444,125.135,9.0,262.15,0.962,1.25
10.06972222,125.1349722,9.0,262.15,0.634,0.0
10.07,125.1349444,9.0,262.15,0.634,0.25
10.07027778,125.1349167,9.0,262.15,0.236,2.5
10.15722222,125.1377778,12.0,262.15,0.221666667,0.0
10.17680556,123.8043611,4.0,302.33,1.65,0.0
10.17680556,123.8043611,8.0,302.36,2.34,0.0
10.18072222,123.8036944,5.0,302.33,1.65,10.0
10.18072222,123.8036944,10.0,302.33,1.65,5.0
10.20505556,118.90975,6.0,262.15,1.125,1.0
10.20505556,118.90975,10.0,262.15,1.125,0.0
10.2105,123.9840833,6.0,302.33,1.17,1.0
10.2105,123.9840833,10.0,302.33,1.17,0.25
10.21772222,124.9800278,6.0,262.15,0.55,26.25
10.21772222,124.9800278,12.0,262.15,0.55,3.75
10.24936111,123.9715556,3.5,262.15,1.438,0.0
10.24936111,123.9715556,12.0,262.15,1.438,0.0
10.25194444,124.0173611,3.4,300.21,0.08,6.25
10.25194444,124.0173611,10.5,300.21,0.08,5.0
10.25530556,124.0201944,6.0,302.31,0.51,0.25
10.25530556,124.0201944,10.5,302.31,0.51,1.0
10.25677778,124.0214167,3.0,300.21,0.08,0.0
10.25677778,124.0214167,9.0,300.21,0.08,1.25
10.25997222,124.1611944,3.0,301.58,0.45,0.0
10.26088889,123.96725,4.0,262.15,1.006,0.0
10.26088889,123.96725,11.0,262.15,1.006,0.5
10.28227778,123.9977778,3.5,302.3,1.33,0.0
10.28227778,123.9977778,10.0,302.3,1.33,0.0
10.28227778,123.9977778,6.0,302.3,0.04,1.0
10.28227778,123.9977778,8.5,302.3,0.04,4.5
10.28227778,123.9977778,6.0,302.34,0.96,1.0
10.28227778,123.9977778,11.0,302.34,0.96,2.0
10.28363889,124.0487222,6.0,302.35,0.5,0.75
10.28363889,124.0487222,10.0,302.35,0.5,0.0
10.28369444,124.0488333,6.0,302.32,1.73,0.0
10.28369444,124.0488333,14.0,302.32,1.73,0.0
10.28458333,124.0503333,6.0,302.32,1.73,0.0
10.28458333,124.0503333,10.0,302.32,1.73,0.0
10.28544444,124.0027778,4.5,302.3,0.04,1.0
10.28544444,124.0027778,8.0,302.3,0.04,4.5
10.28544444,124.0027778,6.0,302.34,0.96,0.0
10.28544444,124.0027778,9.0,302.34,0.96,0.0
10.28861111,124.0562778,6.0,302.32,1.73,0.0
10.28861111,124.0562778,12.0,302.32,1.73,0.0
10.28861111,124.0562778,6.0,302.35,0.5,0.25
10.28861111,124.0562778,10.0,302.35,0.5,0.25
10.28988889,124.0084722,5.9,302.3,1.94,0.0
10.28988889,124.0084722,10.0,302.3,1.94,0.0
10.28988889,124.0084722,6.0,302.3,0.05,1.0
10.28988889,124.0084722,9.3,302.3,0.05,4.25
10.29169444,124.0729444,6.0,302.52,1.33,0.0
10.29386111,124.0733333,10.5,302.52,1.33,0.0
10.29386111,124.0733333,6.0,302.48,0.56,0.0
10.29386111,124.0733333,12.0,302.48,0.56,0.0
10.29941667,124.0176667,10.0,302.3,0.28,0.0
10.29972222,124.0158889,4.0,302.34,0.45,1.25
10.29972222,124.0158889,10.0,302.34,0.45,1.0
10.31158333,124.0240556,7.0,301.17,0.18,0.0
10.31158333,124.0240556,11.5,301.17,0.18,0.0
10.42138889,124.0107778,4.0,302.51,0.62,1.0
10.42138889,124.0107778,11.0,302.51,0.62,0.0
10.48933333,124.6668056,3.5,302.81,0.81,0.0
10.48933333,124.6668056,7.0,302.81,0.81,5.0
10.48933333,124.6668056,4.0,302.82,1.21,2.5
10.48933333,124.6668056,4.6,302.82,1.21,0.0
10.48933333,124.6668056,3.0,302.82,1.21,5.0
10.48933333,124.6668056,9.0,302.82,1.21,6.75
10.48933333,124.6668056,3.0,302.81,1.24,5.0
10.48933333,124.6668056,4.0,302.81,1.24,3.75
10.49125,124.6785,6.7,302.81,0.13,0.25
10.49125,124.6785,7.0,302.81,0.13,0.0
10.51608333,124.6698056,4.0,302.81,0.73,0.0
10.51608333,124.6698056,12.0,302.81,0.73,0.0
10.51608333,124.6698056,3.0,302.81,0.73,10.0
10.51608333,124.6698056,7.0,302.81,0.73,10.0
10.51980556,124.6665,5.4,302.81,0.71,0.0
10.51980556,124.6665,7.0,302.81,0.71,5.0
10.54219444,124.6338333,5.0,302.77,0.99,5.0
10.54219444,124.6338333,12.0,302.77,0.99,15.0
10.54258333,124.6357222,6.0,302.78,0.66,0.25
10.54258333,124.6357222,10.0,302.78,0.66,0.5
10.54258333,124.6357222,4.0,302.77,0.99,0.0
10.54258333,124.6357222,10.0,302.77,0.99,0.0
10.54627778,124.6505,4.5,302.77,0.99,0.0
10.54627778,124.6505,10.0,302.77,0.99,0.0
10.54661111,124.6554722,6.0,302.83,0.65,5.0
10.54661111,124.6554722,9.0,302.83,0.65,0.25
10.54661111,124.6554722,6.0,302.82,0.95,10.0
10.54661111,124.6554722,10.0,302.82,0.95,13.75
10.78230556,124.0301944,7.0,300.34,0.15,0.0
10.78319444,124.0309444,3.0,300.34,0.15,0.0
10.78319444,124.0309444,7.6,300.34,0.15,0.0
10.78588889,124.03075,7.0,300.34,0.15,0.0
10.78588889,124.03075,3.0,300.34,0.15,0.0
10.81363889,119.6608889,3.0,302.19,1.37,3.5
10.81363889,119.6608889,5.2,302.19,1.37,1.5
10.92488889,119.3378611,4.5,262.15,0.645,0.0
10.98125,119.2983333,4.5,262.15,1.173333333,0.75
10.98125,119.2983333,8.0,262.15,1.173333333,0.0
10.98125,119.2983333,6.0,262.15,0.256666667,1.75
10.98513889,123.4576944,3.3,302.91,0.56,0.0
10.98533333,124.1065556,10.0,302.99,0.88,0.0
10.98616667,124.1043056,10.0,302.99,0.88,0.0
10.98619444,119.3073611,5.0,262.15,1.173333333,3.5
10.98619444,119.3073611,10.0,262.15,1.173333333,2.75
10.98619444,119.3073611,5.0,262.15,0.256666667,0.0
10.98822222,123.4745833,3.3,302.91,0.56,0.0
10.98969444,119.2968611,4.0,262.15,1.173333333,10.25
10.98969444,119.2968611,8.0,262.15,1.173333333,2.5
10.98969444,119.2968611,6.5,262.15,0.256666667,0.0
10.98991667,123.8167083,8.0,302.27,0.66,0.0
10.98991667,124.1023611,15.0,302.99,0.88,0.0
10.98991667,124.1023611,5.0,302.44,0.96,0.0
10.98991667,124.1023611,7.0,302.44,0.96,0.0
10.98991667,124.1023611,4.0,302.3,1.86,1.0
10.98991667,124.1023611,6.0,302.3,1.86,0.0
10.99225,119.3011389,4.5,262.15,1.173333333,7.0
10.99225,119.3011389,8.0,262.15,1.173333333,0.0
10.99225,119.3011389,4.5,262.15,0.256666667,0.25
11.00572222,123.4324722,10.0,302.95,0.24,0.0
11.01027778,123.4190833,9.3,302.95,0.24,0.0
11.01027778,123.4194444,9.3,302.95,0.24,0.0
11.01333333,123.4236944,9.3,302.95,0.24,0.0
11.01597222,119.3093056,3.0,262.15,1.473333333,0.0
11.01597222,119.3093056,3.0,262.15,0.93,0.0
11.11891667,124.2505,5.0,302.4,1.42,0.0
11.11891667,124.2505,6.0,302.4,1.42,1.0
11.14147222,123.7665556,12.0,302.39,0.87,0.5
11.14147222,123.7665556,15.0,302.39,0.87,10.0
11.14291667,123.7726389,4.5,302.28,1.2,0.0
11.14291667,123.7726389,9.0,302.28,1.2,0.0
11.14302778,123.7705833,10.4,302.39,0.52,0.0
11.14355556,119.3086667,4.0,303.08,0.76,0.0
11.14355556,119.3086667,8.0,303.08,0.76,0.0
11.14355556,119.3086667,3.0,302.42,0.25,5.75
11.14355556,119.3086667,8.0,302.42,0.25,2.0
11.14511111,123.7966111,7.5,302.3,0.42,0.0
11.14569444,123.7971667,4.5,302.3,1.24,0.0
11.14569444,123.7971667,9.5,302.3,1.24,10.0
11.14733333,123.8053333,3.0,302.3,1.03,0.0
11.14733333,123.8053333,7.0,302.3,1.03,0.0
11.14733333,123.8053333,3.5,302.3,1.24,0.0
11.14733333,123.8053333,3.5,302.3,1.24,5.0
11.14933333,123.8004167,9.0,302.66,2.02,10.0
11.17744444,123.8035833,5.0,302.2,0.29,0.0
11.17744444,123.8035833,4.6,302.21,0.8,1.0
11.17744444,123.8035833,6.0,302.21,0.8,1.0
11.17763889,123.8050278,3.0,302.26,1.49,0.0
11.17763889,123.8050278,3.4,302.26,1.49,0.0
11.18794444,123.8185,6.0,302.2,1.1,5.0
11.18794444,123.8185,10.0,302.2,1.1,0.0
11.18830556,123.818,6.0,302.2,0.29,0.0
11.18830556,123.818,3.5,302.21,0.8,0.0
11.18830556,123.818,6.0,302.21,0.8,0.0
11.18830556,123.818,4.0,302.23,2.8,1.0
11.18830556,123.818,5.0,302.23,2.8,1.25
11.18891667,123.8168333,6.0,302.2,1.1,0.0
11.18891667,123.8168333,10.0,302.2,1.1,0.0
11.19158333,119.3916667,5.0,262.15,0.808,0.0
11.19547222,119.3949722,4.0,262.15,0.634,1.5
11.20244444,123.8269722,3.0,302.24,0.91,0.0
11.20244444,123.8269722,8.7,302.24,0.91,0.25
11.20244444,123.8269722,4.0,302.26,2.77,1.0
11.20244444,123.8269722,5.0,302.26,2.77,0.0
11.20294444,123.8277222,3.5,302.22,0.34,0.0
11.20294444,123.82775,3.2,302.22,0.34,0.0
11.21011111,119.3773611,4.5,303.13,0.75,0.0
11.21263889,123.7751389,9.0,302.11,0.49,0.0
11.21277778,123.1253333,6.0,302.59,1.28,26.25
11.21277778,123.1253333,9.0,302.59,1.28,5.0
11.21291667,123.7750833,3.6,302.22,1.24,0.0
11.21291667,123.7750833,7.0,302.22,1.24,0.0
11.213,123.7752222,6.0,302.11,0.49,0.0
11.21358333,123.7915,4.0,302.35,0.16,0.0
11.21397222,123.7723611,4.0,302.11,0.49,0.0
11.21397222,123.7723611,6.0,302.22,1.24,0.0
11.21397222,123.7723611,7.0,302.22,1.24,0.25
11.21397222,123.7915278,3.0,302.06,1.1,10.0
11.21397222,123.7915278,6.0,302.06,1.1,0.0
11.22747222,119.3641667,5.5,302.21,0.49,1.5
11.23686111,119.3569722,5.0,303.13,0.9,1.5
11.26175,119.6763889,5.0,302.75,0.98,12.5
11.26175,119.6763889,5.0,302.45,0.29,15.75
11.26175,119.6763889,5.0,302.26,0.57,0.0
11.26183333,119.7000556,3.0,302.86,1.27,0.0
11.26183333,119.7000556,5.0,302.57,0.18,0.5
11.26183333,119.7000556,5.0,302.38,0.71,0.0
11.26797222,119.6643333,5.0,302.75,0.98,0.0
11.26797222,119.6643333,6.0,302.45,0.29,4.75
11.26797222,119.6643333,6.0,302.26,0.57,0.0
11.2725,123.7052778,6.0,262.15,0.445714286,0.0
11.2765,123.7544722,5.0,302.18,0.64,0.0
11.28786111,123.8804167,6.0,302.22,0.98,0.0
11.28786111,123.8804167,6.0,302.22,0.98,5.0
11.29458333,123.7499444,6.0,302.15,0.34,0.0
11.29836111,123.7196944,4.1,302.16,0.06,0.0
11.29863889,123.7192222,4.7,302.16,0.06,0.0
11.303,123.8805556,5.0,302.62,2.83,20.0
11.30386111,123.7423889,7.4,302.15,0.34,0.0
11.30725,123.7329444,7.0,302.15,0.03,0.0
11.31263889,119.6647222,5.0,302.7,0.29,0.75
11.31263889,119.6647222,5.0,302.37,0.27,0.0
11.32144444,124.1156389,6.3,302.24,0.0,0.0
11.32205556,124.1116667,7.0,302.24,0.0,0.0
11.32211111,124.1115278,6.0,302.24,0.0,0.0
11.3225,124.1117778,6.0,302.24,1.12,0.0
11.3225,124.1117778,6.5,302.24,1.12,0.0
11.32272222,124.1129167,6.0,302.26,1.73,0.0
11.32272222,124.1129167,6.0,302.26,1.73,1.0
11.32544444,124.1078611,7.0,302.29,2.29,0.0
11.32558333,124.1068611,6.0,302.26,1.14,0.0
11.32688889,123.8833056,4.0,302.11,1.08,0.0
11.32688889,123.8833056,6.0,302.11,1.08,0.0
11.32858333,123.8832222,5.0,302.62,2.83,10.0
11.33433333,124.12525,4.0,301.62,0.49,0.0
11.33444444,124.1244444,3.2,300.99,1.21,0.0
11.33511111,124.1092778,9.0,302.2,0.52,3.5
11.34133333,123.7518611,9.0,302.77,2.93,10.0
11.34133333,123.7518611,13.0,302.77,2.93,20.0
11.34358333,123.9013889,6.0,302.17,1.03,20.0
11.34358333,123.9013889,12.0,302.17,1.03,0.0
11.345,124.1069722,3.5,302.16,0.59,0.0
11.345,124.1069722,6.0,302.16,0.59,1.5
11.345,124.1069722,5.0,302.18,1.92,0.0
11.345,124.1069722,7.0,302.18,1.92,1.0
11.34952778,124.1040556,5.0,302.16,0.59,0.0
11.34952778,124.1040556,8.5,302.16,0.59,0.75
11.34952778,124.1040556,5.0,302.18,1.92,0.0
11.34952778,124.1040556,11.0,302.18,1.92,2.0
11.48358333,119.8803611,5.0,302.75,1.58,2.25
11.48358333,119.8803611,5.0,302.27,0.64,0.0
11.48872222,119.8828056,4.0,302.75,1.58,1.5
11.48872222,119.8828056,3.0,302.27,0.64,0.0
11.49119444,119.8740556,4.7,302.04,0.28,0.0
11.49588889,119.8734722,5.0,302.75,1.58,20.0
11.49588889,119.8734722,5.0,302.27,0.64,0.0
11.73161111,124.0420278,5.0,302.18,0.66,0.0
11.75247222,120.1365,5.0,302.42,1.32,9.0
11.75569444,120.1426111,4.5,302.62,1.22,5.75
11.75569444,120.1426111,5.0,302.42,1.32,3.25
11.76483333,120.1339167,5.0,302.42,1.32,16.0
11.77016667,120.1373333,5.0,302.62,1.22,5.25
11.77016667,120.1373333,5.0,302.42,1.32,1.5
11.80830556,123.9419722,6.0,302.32,1.17,0.75
11.80838889,123.9419444,3.0,302.32,1.17,0.0
11.81319444,123.9773611,3.0,302.26,0.9,0.0
11.81355556,123.9771389,3.0,302.26,0.9,0.0
11.90986111,120.0519444,5.0,301.76,0.14,0.0
11.90986111,120.0519444,5.5,302.5,1.1,0.0
11.91347222,120.0366667,5.0,301.76,0.14,0.0
11.91347222,120.0366667,5.0,301.76,0.14,0.0
11.91347222,120.0366667,5.0,302.93,0.79,12.25
11.96347222,120.1779722,5.0,302.75,0.43,29.25
11.96347222,120.1779722,7.0,302.37,0.59,0.75
11.96441667,120.1822778,5.0,302.75,0.43,34.5
11.96441667,120.1822778,5.0,302.37,0.59,0.0
11.96511111,121.9066944,6.0,301.94,0.4,0.0
11.97555556,120.0778333,5.0,262.15,0.06,0.0
11.98069444,121.9028056,6.4,301.36,1.04,0.0
11.98069444,121.9028056,6.4,301.66,0.28,0.0
12.11577778,123.4736944,4.0,302.56,0.64,0.0
12.13058333,123.4713333,5.0,302.67,1.23,0.0
12.13627778,123.4770556,5.0,302.67,1.23,0.0
12.15683333,123.4121667,3.0,302.66,1.27,0.0
12.15688889,123.4124722,3.0,302.66,1.27,0.0
12.21402778,121.2795278,4.0,301.6,1.09,0.0
12.24286111,121.2824167,5.5,301.6,1.09,59.5
12.24286111,121.2824167,7.8,301.6,1.09,0.0
12.26333333,121.3871944,4.8,301.65,0.34,40.25
12.26333333,121.3871944,10.0,301.65,0.34,0.0
12.26563889,121.2746111,5.1,301.81,0.0,22.25
12.30719444,121.3622222,2.3,301.83,0.44,21.0
12.30719444,121.3622222,7.5,301.83,0.44,0.0
12.31727778,121.3587222,4.7,301.8,0.36,22.75
12.38291667,121.4523333,4.0,301.78,0.04,72.0
12.53155556,124.10525,5.0,301.2,2.29,4.5
12.54780556,124.1188333,4.5,300.91,0.03,4.5
13.21527778,120.5277778,6.5,262.15,0.02,1.75
13.21527778,120.5277778,7.0,262.15,0.02,5.5
13.41761111,121.1447778,2.0,302.25,1.36,0.0
13.41994444,121.1519722,3.3,302.25,1.36,0.0
13.42077778,121.15025,3.0,302.25,1.36,0.0
13.42175,121.1482778,4.7,302.25,1.36,0.0
13.44069444,121.2151389,5.5,302.35,1.57,0.0
13.44194444,121.2153889,10.0,302.35,1.57,0.0
13.44419444,121.2162222,5.0,302.35,1.57,0.0
13.44419444,121.2162222,8.0,302.35,1.57,0.0
13.47791667,120.9716944,12.0,302.41,0.38,1.5
13.481,120.9711111,3.8,302.41,0.38,0.0
13.50966667,120.9566667,5.8,301.74,0.49,6.25
13.51402778,120.9608056,4.8,301.74,0.49,1.5
13.51402778,120.9608056,6.5,302.51,0.09,0.0
13.51708333,120.992,8.0,301.69,0.7,1.25
13.51969444,120.9552778,4.0,300.7,0.12,0.0
13.51969444,120.9552778,5.5,300.7,0.12,0.0
13.52205556,120.9753889,6.0,301.74,0.49,0.0
13.52222222,120.9504722,4.8,301.74,0.49,0.0
13.52258333,120.9855556,5.0,301.74,0.49,0.0
13.52258333,120.9855556,5.0,302.52,0.19,0.0
13.52258333,120.9855556,12.0,302.52,0.19,0.75
13.52455556,120.9801944,6.5,299.25,0.33,0.0
13.52472222,120.9811111,6.5,299.25,0.33,5.0
13.62736111,121.0571667,4.0,262.15,0.302,2.5
13.62827778,121.0612222,9.0,262.15,1.702,0.0
13.62827778,121.0612222,5.0,262.15,1.702,0.0
13.62938889,121.0631667,3.5,262.15,0.302,2.5
13.63075,121.0540278,3.0,262.15,0.302,0.0
13.63302778,121.0436389,5.0,262.15,1.684,12.5
13.69063889,120.8890556,5.0,300.09,1.01,0.0
13.69063889,120.8890556,5.0,299.5,1.68,3.75
13.69063889,120.8890556,5.0,302.34,1.13,0.0
13.69063889,120.8890556,6.0,299.5,0.58,0.0
13.70797222,120.8743056,5.0,262.15,0.894285714,2.0
13.70797222,120.8743056,8.0,262.15,0.894285714,0.0
13.71783333,120.8725278,5.0,262.15,1.167142857,2.5
13.71783333,120.8725278,8.0,262.15,1.167142857,1.5
13.71783333,120.8725278,5.0,262.15,1.458571429,0.75
13.71783333,120.8725278,8.0,262.15,1.458571429,0.0
13.71783333,120.8725278,4.5,262.15,0.645714286,0.0
13.72441667,120.8804167,5.3,262.15,0.645714286,0.0
13.72819444,120.8838056,5.0,262.15,0.905714286,0.0
13.72819444,120.8838056,5.0,262.15,0.562857143,0.0
13.72819444,120.8838056,5.0,262.15,0.932857143,0.0
13.72819444,120.8838056,5.0,262.15,0.645714286,0.0
13.7335,122.8288889,6.0,262.15,0.95,0.0
13.77372222,120.6442778,20.0,302.24,1.9,0.0
13.77644444,120.6451944,10.0,299.53,0.74,0.0
13.77644444,120.6451944,7.1,298.93,1.0,0.0
13.79908333,120.6766944,6.7,302.16,1.78,0.0
13.79958333,120.6736389,6.7,302.16,1.78,0.0
13.80338889,120.9116111,5.0,262.15,0.5825,0.0
13.81386111,120.9085,5.0,262.15,0.5825,0.0
13.895,120.6070278,8.7,299.65,0.67,0.0
13.97163889,120.6016667,6.0,299.77,0.0,0.75
13.975,120.6088889,3.5,302.77,0.53,0.0
13.97808333,120.6160556,5.0,262.15,1.33,0.0
13.98166667,120.6188889,5.0,262.15,0.633333333,0.0
13.98472222,120.6277778,3.5,262.15,0.633333333,0.0
13.99008333,120.6224444,5.0,262.15,0.966666667,0.0
14.01833333,120.6186111,4.5,262.15,0.343333333,1.25
14.11330556,120.6081667,6.0,300.11,1.66,3.75
14.11741667,120.6064722,7.3,300.11,1.66,0.0
14.17616667,120.5845278,5.0,262.15,0.1475,0.0
14.19725,120.5843056,5.7,262.15,0.875,3.5
14.75727778,120.2376667,10.0,262.15,0.2125,0.0
14.75863889,120.2378889,5.5,262.15,0.2125,0.25
17.885,-66.95166667,18.3,301.59,0.39,0.0
17.89888889,-66.01527778,2.3,300.68,1.16,23.75
17.89888889,-66.01527778,1.4,300.08,0.07,2.0
17.89888889,-66.01527778,2.9,300.08,0.07,2.0
17.91861111,-67.01916667,5.0,301.75,0.15,0.0
17.935,-66.88444444,3.3,301.2,0.59,0.0
17.95527778,-67.05305556,3.3,262.15,0.41,0.5
17.95527778,-67.05305556,10.0,262.15,0.41,0.0
17.95527778,-67.05305556,8.3,262.15,1.45,0.0
17.95527778,-67.05305556,3.3,262.15,0.623333333,2.75
18.08825,-65.46188889,5.3,262.15,0.152,0.0
18.08825,-65.46188889,8.3,262.15,0.152,0.0
18.34783333,-65.57080556,1.7,299.97,0.21,0.0
18.34783333,-65.57080556,5.8,299.97,0.21,0.0
18.34783333,-65.57080556,2.3,300.31,0.17,0.0
18.34783333,-65.57080556,5.3,300.31,0.17,0.0
18.44994444,-66.01538889,1.5,262.15,1.126666667,0.0
18.44994444,-66.01538889,3.3,262.15,1.126666667,7.5
18.46897222,-66.09083333,1.3,300.83,1.1,5.0
18.46897222,-66.09083333,1.7,300.39,0.48,0.0
18.46897222,-66.09083333,3.2,300.39,0.48,0.0
18.46897222,-66.09083333,2.3,300.39,1.02,0.25
18.46897222,-66.09083333,4.7,300.59,0.21,0.0
18.46897222,-66.09083333,4.7,300.05,0.31,0.0
18.46897222,-66.09083333,2.3,300.05,0.31,0.0
18.4745,-66.18744444,2.1,300.25,0.85,0.0
18.4745,-66.18744444,3.7,300.25,0.85,14.25
18.48291667,-66.34238889,1.5,262.15,0.61,0.0
18.48291667,-66.34238889,6.0,262.15,0.61,5.0
1.568833333,7.432277778,7.5,301.46,0.57,0.75
1.568833333,7.432277778,7.5,299.05,0.71,0.0
1.608111111,7.336916667,7.5,262.15,0.798333333,0.0
1.698777778,7.405527778,7.5,262.15,0.614,1.25
16.72388889,41.80138889,5.0,298.81,1.51,0.0
16.72388889,41.80138889,10.0,298.81,1.51,0.0
18.37663889,41.44780556,5.0,299.88,0.37,0.0
20.14794444,40.23241667,5.0,299.46,0.33,0.0
20.14794444,40.23241667,10.0,299.46,0.33,0.5
21.64444444,39.10094444,5.0,262.15,0.2975,0.0
21.64444444,39.10094444,10.0,262.15,0.2975,0.0
23.05147222,38.78019444,5.0,297.62,0.44,0.0
23.05147222,38.78019444,10.0,297.62,0.44,0.0
24.99847222,37.28069444,5.0,262.15,0.6525,0.0
27.54533333,35.53166667,5.0,296.03,0.21,0.0
27.54533333,35.53166667,10.0,296.03,0.21,0.0
29.35402778,34.95583333,5.0,262.15,0.13,0.0
29.35402778,34.95583333,10.0,262.15,0.13,0.0
-11.66194444,169.2905556,6.0,300.63,0.69,0.0
-11.66194444,169.2905556,3.5,300.63,0.69,0.0
-11.66194444,169.2905556,9.0,300.63,0.69,0.0
-10.28527778,166.2627778,3.0,262.15,0.02375,0.0
-10.28527778,166.2627778,3.0,262.15,1.50625,0.0
-10.28527778,166.2627778,3.0,262.15,1.50625,0.0
-10.28527778,166.2627778,1.0,262.15,0.8375,0.5
-10.28527778,166.2627778,1.0,262.15,0.8375,1.25
-10.28527778,166.2627778,1.0,262.15,0.8375,1.25
-10.28463889,166.2703889,12.0,262.15,0.40625,1.25
-10.28166667,166.2675,3.0,262.15,1.50625,0.0
-10.28166667,166.2675,3.0,262.15,0.95,0.0
-10.28166667,166.2675,3.0,262.15,0.95,0.0
-10.27622222,166.2786667,12.0,300.98,0.3,14.5
-10.27222222,166.2818611,10.0,300.98,0.3,0.0
-10.26944444,166.2780556,3.0,300.81,0.25,0.0
-10.26944444,166.2780556,3.0,300.81,0.25,0.0
-10.26944444,166.2780556,3.0,300.88,1.32,0.0
-10.26944444,166.2780556,1.5,300.81,0.36,0.0
-10.26944444,166.2780556,1.5,300.81,0.36,0.0
-10.26933333,166.2779444,1.5,301.07,1.37,0.0
-10.26772222,166.2806667,3.0,300.76,0.75,0.25
-10.26772222,166.2806667,3.0,300.88,1.32,0.0
-10.26772222,166.2806667,3.0,300.88,1.32,0.0
-10.26772222,166.2806667,1.0,300.76,0.13,1.25
-10.26772222,166.2806667,1.5,300.76,0.13,5.0
-10.26772222,166.2806667,1.0,300.76,0.13,0.25
-10.26769444,166.2793333,1.5,301.07,1.37,0.0
-10.2625,166.2797222,3.0,300.76,0.75,0.0
-10.2625,166.2797222,3.0,300.81,0.25,0.0
-10.2625,166.2797222,3.0,300.88,1.32,0.0
-10.2625,166.2797222,2.0,300.76,0.13,0.0
-10.2625,166.2797222,2.0,300.81,0.36,2.5
-10.2625,166.2797222,2.0,300.81,0.36,0.0
-10.25666667,166.2588889,9.0,262.15,1.50625,0.0
-10.25666667,166.2588889,9.0,262.15,0.95,0.0
-10.25666667,166.2588889,9.0,262.15,0.95,0.0
-10.25666667,166.2588889,12.0,262.15,0.6525,0.0
-10.25666667,166.2588889,12.0,262.15,0.6525,7.5
-10.25569444,166.2600278,2.5,262.15,1.01375,0.0
-10.25555556,166.2594444,6.0,262.15,0.02375,0.0
-10.25555556,166.2594444,3.0,262.15,1.50625,0.0
-10.25555556,166.2594444,3.0,262.15,1.50625,0.0
-10.25555556,166.2594444,3.0,262.15,1.37375,3.0
-10.25555556,166.2594444,1.5,262.15,1.37375,1.25
-10.25541667,166.2593056,2.0,262.15,1.01375,1.25
-10.25388889,166.2575,6.0,262.15,0.95,0.0
-10.25388889,166.2575,6.0,262.15,0.95,0.0
-10.25388889,166.2575,3.0,262.15,0.95,0.0
-10.25388889,166.2575,12.0,262.15,0.6525,0.0
-10.25388889,166.2575,6.0,262.15,1.37375,0.0
-10.25388889,166.2575,6.0,262.15,1.37375,0.0
-10.25166667,166.2563889,9.0,262.15,0.02375,0.25
-10.25166667,166.2563889,9.0,262.15,0.95,0.0
-10.25166667,166.2563889,9.0,262.15,0.95,0.0
-10.25166667,166.2563889,6.0,262.15,1.37375,0.25
-10.25166667,166.2563889,6.0,262.15,1.37375,0.0
-10.25166667,166.2563889,6.0,262.15,1.37375,0.0
-10.25127778,166.2941111,8.0,300.97,1.13,1.25
-10.25127778,166.2941111,7.5,301.07,1.59,0.0
-10.25127778,166.2941111,7.5,301.07,1.59,0.0
-10.24347222,166.2828056,4.0,301.21,0.9,1.75
-10.24347222,166.2828056,2.0,301.34,0.03,0.0
-10.24347222,166.2828056,1.9,301.34,0.03,0.0
-10.24036111,166.2793056,7.5,302.32,0.5,0.0
-10.24036111,166.2793056,7.5,302.32,0.5,0.0
-10.24036111,166.2793056,8.0,302.38,0.3,0.0
-10.24005556,166.2799444,2.0,301.21,0.9,1.75
-10.24005556,166.2799444,2.0,301.21,0.9,1.25
-10.24005556,166.2799444,2.0,301.21,0.9,0.75
-10.23236111,166.2692778,2.5,301.29,0.89,0.0
-10.23236111,166.2692778,2.5,301.29,0.89,0.0
-10.22936111,166.2552778,2.0,302.44,1.55,0.0
-10.22936111,166.2552778,1.5,302.44,1.55,0.0
-10.22936111,166.2552778,1.5,302.44,1.55,0.0
-10.20666667,166.2430556,3.0,301.57,0.48,0.0
-10.20194444,166.2977778,3.0,301.61,0.36,0.0
-10.19805556,166.2697222,3.0,301.48,0.77,0.0
-10.1975,166.2997222,3.0,301.48,0.35,0.0
-10.1975,166.2997222,3.0,301.61,0.97,0.0
-10.195,166.2719444,3.0,301.48,0.77,0.0
-10.19166667,166.2705556,3.0,301.61,0.42,0.0
-10.18888889,166.2808333,3.0,301.48,0.35,0.0
-10.18416667,166.23,3.0,301.62,0.77,0.0
-8.770555556,157.56425,3.0,302.65,1.69,0.0
-8.770555556,157.56425,3.0,302.13,0.64,0.0
-8.770555556,157.56425,3.0,303.06,0.0,0.0
-8.755027778,157.5163889,3.0,302.59,1.73,0.0
-8.755027778,157.5163889,2.0,300.79,0.44,0.0
-8.755027778,157.5163889,3.0,302.99,0.23,0.0
-8.74325,157.47275,3.0,262.15,0.811428571,0.0
-8.735777778,157.4560278,4.0,262.15,0.431428571,0.0
-8.735777778,157.4560278,3.0,262.15,0.984285714,0.0
-8.726055556,157.4488333,3.0,262.15,1.312857143,0.0
-8.725694444,157.4485278,3.0,262.15,1.312857143,0.0
-8.725694444,157.4485278,4.0,262.15,0.431428571,5.0
-8.725694444,157.4485278,2.0,262.15,0.551428571,0.0
-8.725694444,157.4485278,2.5,262.15,0.437142857,0.0
-8.725694444,157.4485278,3.0,262.15,0.811428571,0.0
-8.719888889,157.4369444,2.0,300.95,0.71,0.0
-8.719888889,157.4369444,2.5,302.17,1.26,0.0
-8.719888889,157.4369444,3.0,302.97,1.02,0.0
-8.718888889,157.4369444,3.0,301.2,0.53,0.0
-8.713888889,157.4472222,3.0,262.15,0.984285714,0.0
-8.713888889,157.4472222,3.0,262.15,0.811428571,0.0
-8.709527778,157.4910833,3.0,262.15,0.196666667,0.0
-8.709527778,157.4910833,4.0,262.15,0.123333333,0.0
-8.7095,157.4405,3.0,262.15,0.377142857,0.0
-8.7095,157.4405,3.0,262.15,0.192857143,0.0
-8.7095,157.4405,3.0,262.15,0.984285714,0.0
-8.7095,157.4405,3.0,262.15,0.811428571,0.0
-8.709138889,157.50925,2.0,262.15,0.535,0.0
-8.709138889,157.50925,3.0,262.15,0.835,0.0
-8.709138889,157.50925,3.0,262.15,0.36,0.0
-8.707888889,157.4910556,3.0,262.15,0.835,0.0
-8.707722222,157.5005556,3.0,262.15,0.196666667,0.0
-8.707722222,157.5005556,3.0,262.15,0.123333333,0.0
-8.707722222,157.5005556,3.0,262.15,0.835,0.0
-8.706611111,157.4336667,3.0,301.2,0.53,0.5
-8.706611111,157.4336667,2.0,300.92,0.03,0.0
-8.706611111,157.4336667,3.0,302.17,1.26,0.0
-8.704138889,157.4483889,3.0,301.73,0.15,0.0
-8.703888889,157.4339444,3.0,303.07,1.35,0.0
-8.700666667,157.4411944,4.0,301.85,1.05,3.75
-8.114722222,156.8783889,5.0,302.7,0.08,30.0
-8.114722222,156.8783889,10.0,302.7,0.08,30.0
10.2675,166.2877778,3.0,302.01,0.33,0.0
10.2675,166.2877778,3.0,302.06,0.83,0.0
10.2675,166.2877778,6.0,302.06,0.83,0.0
10.2675,166.2877778,1.5,301.95,0.58,0.0
10.2675,166.2877778,1.5,302.01,0.31,2.5
10.2675,166.2877778,1.5,302.01,0.31,1.25
-27.52055556,32.68805556,16.0,297.33,1.99,0.5
-27.52,32.68583333,10.3,297.33,1.99,0.25
-27.51972222,32.68972222,14.5,297.33,1.99,0.25
8.736666667,81.1765,2.5,301.86,0.13,0.0
8.736666667,81.1765,3.0,301.86,0.13,0.0
17.16613889,-62.63527778,11.0,300.92,0.3,0.0
17.16613889,-62.63527778,12.0,301.04,0.16,20.0
17.18605556,-62.68055556,11.0,300.8,0.83,0.0
17.18605556,-62.68055556,12.0,300.92,0.17,0.0
17.22311111,-62.66063889,3.5,300.9,0.21,0.0
17.22311111,-62.66063889,11.0,300.9,0.21,0.0
17.26833333,-62.65222222,10.5,300.61,1.38,0.0
13.7205,-60.93538889,3.0,301.24,0.13,0.0
13.7205,-60.93538889,3.0,300.32,0.49,0.0
13.7515,-61.0055,2.0,262.15,0.16,0.0
13.7515,-61.0055,2.0,262.15,0.5675,0.0
13.7515,-61.0055,2.0,262.15,0.105,0.0
13.81,-61.0755,3.0,262.15,0.03,0.0
13.81,-61.0755,10.0,262.15,0.03,0.0
13.81,-61.0755,3.0,262.15,0.0675,0.0
13.81,-61.0755,10.0,262.15,0.0675,0.0
13.8155,-61.0715,3.0,262.15,0.1525,0.0
13.8155,-61.0715,10.0,262.15,0.1525,0.0
13.82997222,-61.06877778,5.0,262.15,0.43,12.0
13.82997222,-61.06877778,10.0,262.15,0.43,12.0
13.82997222,-61.06877778,5.0,262.15,0.5875,0.0
13.82997222,-61.06877778,10.0,262.15,0.5875,0.0
13.83333333,-61.07,5.0,262.15,0.266666667,0.0
13.83333333,-61.07,10.0,262.15,0.266666667,20.0
13.83833333,-61.065,5.0,262.15,0.136666667,1.25
13.83833333,-61.065,10.0,262.15,0.136666667,6.75
13.83833333,-61.065,10.0,262.15,0.116666667,0.0
13.83833333,-61.065,5.0,262.15,0.116666667,0.0
13.839,-61.065,3.0,262.15,0.633333333,22.25
13.839,-61.065,10.0,262.15,0.633333333,44.5
13.839,-61.065,3.0,262.15,0.383333333,1.5
13.839,-61.065,10.0,262.15,0.383333333,0.0
13.84,-61.0705,3.0,262.15,0.23,1.0
13.84,-61.0705,10.0,262.15,0.23,1.0
13.84,-61.0705,3.0,262.15,0.966666667,1.0
13.84,-61.0705,10.0,262.15,0.966666667,1.0
13.85666667,-61.06916667,10.0,262.15,0.266666667,2.5
13.85833333,-61.06666667,5.0,262.15,0.353333333,15.0
13.85833333,-61.06666667,10.0,262.15,0.353333333,15.0
13.85833333,-61.06666667,5.0,262.15,0.516666667,0.0
13.85833333,-61.06666667,10.0,262.15,0.516666667,0.0
13.85833333,-61.06666667,5.0,262.15,0.136666667,2.5
13.85833333,-61.06666667,10.0,262.15,0.136666667,7.5
13.85833333,-61.06666667,10.0,262.15,0.116666667,1.25
13.85833333,-61.06666667,5.0,262.15,0.116666667,0.0
13.86,-61.08,10.0,300.22,0.48,0.0
13.86166667,-61.075,5.0,262.15,0.136666667,10.0
13.86166667,-61.075,10.0,262.15,0.136666667,8.75
13.86166667,-61.075,5.0,262.15,0.116666667,0.0
13.86166667,-61.075,10.0,262.15,0.116666667,0.0
13.864,-61.08,3.0,300.22,0.48,0.0
13.864,-61.08,10.0,300.22,0.48,0.0
13.86583333,-61.0795,10.0,300.46,1.04,22.5
13.92902778,-61.05888889,3.0,300.45,1.14,0.0
13.92902778,-61.05888889,10.0,300.45,1.14,0.0
14.1015,-60.9555,3.0,300.35,0.36,0.0
12.62444444,-61.35055556,3.0,299.85,1.0,1.0
12.63305556,-61.35916667,2.0,299.85,1.0,8.75
12.63583333,-61.35027778,2.0,299.78,0.9,0.5
12.70797222,-61.33819444,10.0,301.3,0.03,2.5
12.72480556,-61.33347222,12.0,301.3,0.03,0.0
12.99325,-61.27569444,13.0,299.6,1.26,0.5
12.99325,-61.27569444,13.3,301.51,0.52,32.5
13.11822222,-61.2035,7.0,299.47,0.8,0.25
13.11822222,-61.2035,8.3,301.44,0.87,0.0
13.13338333,-61.18436111,3.0,262.15,0.245,0.0
13.16305556,-61.24811111,9.5,300.07,0.03,0.0
13.16305556,-61.24811111,13.0,299.52,0.7,0.5
13.16305556,-61.24811111,10.0,301.61,0.43,0.0
13.18325,-61.26716667,11.5,262.15,0.1125,0.0
19.13469444,37.36925,5.0,262.15,0.0475,0.0
19.13469444,37.36925,10.0,262.15,0.0475,0.0
19.62686111,37.24325,5.0,262.15,0.556666667,0.0
19.62686111,37.24325,10.0,262.15,0.556666667,0.0
19.6435,37.29155556,5.0,298.07,0.35,0.0
19.6435,37.29155556,5.0,301.22,0.09,0.0
19.6435,37.29155556,10.0,301.22,0.09,0.0
20.22769444,37.20927778,5.0,297.72,0.03,0.0
20.22769444,37.20927778,10.0,297.72,0.03,25.0
21.76555556,36.88655556,5.0,297.13,0.73,0.0
21.76555556,36.88655556,10.0,297.13,0.73,0.0
22.03983333,121.5198333,5.0,262.15,0.082857143,0.0
22.03983333,121.5198333,10.0,262.15,0.082857143,0.0
22.05102778,121.5110556,5.0,262.15,0.082857143,0.0
22.05102778,121.5110556,10.0,262.15,0.082857143,0.0
22.08111111,121.5297222,5.0,301.73,1.04,0.0
22.08111111,121.5297222,10.0,301.73,1.04,0.0
22.08222222,121.5177778,5.0,301.78,1.14,0.0
22.08222222,121.5177778,10.0,301.78,1.14,0.0
22.08305556,121.5577778,5.0,301.73,1.04,0.0
22.08305556,121.5577778,10.0,301.73,1.04,0.0
22.32305556,120.3655556,5.0,299.51,0.63,0.0
22.32305556,120.3655556,10.0,299.51,0.63,0.0
22.32475,120.36825,5.0,298.51,0.08,0.0
22.32475,120.36825,10.0,298.51,0.08,1.0
22.32475,120.36825,5.0,297.65,1.0,0.0
22.32475,120.36825,10.0,297.65,1.0,0.0
22.3375,120.3580556,10.0,299.49,0.31,0.0
22.34497222,120.3898056,5.0,298.47,0.14,2.0
22.34497222,120.3898056,10.0,298.47,0.14,0.0
22.34497222,120.3898056,5.0,297.62,0.94,0.0
22.34497222,120.3898056,10.0,297.62,0.94,0.0
22.35444444,120.3711111,5.0,299.44,1.07,0.0
22.35444444,120.3711111,10.0,299.44,1.07,0.0
22.35519444,120.3714722,5.0,297.88,0.29,0.5
22.35519444,120.3714722,10.0,297.88,0.29,0.0
22.35519444,120.3714722,5.0,297.62,0.94,0.0
22.35519444,120.3714722,10.0,297.62,0.94,0.0
22.49,121.11,5.0,301.47,0.45,0.0
22.49,121.11,5.0,301.47,0.45,0.0
22.64388889,121.48,5.0,302.41,0.46,0.0
22.64388889,121.48,10.0,302.41,0.46,0.0
22.65483333,121.4735278,5.0,302.38,1.59,0.0
22.65483333,121.4735278,10.0,302.38,1.59,0.0
22.65833333,121.4711111,5.0,302.41,0.46,0.0
22.65833333,121.4711111,10.0,302.41,0.46,0.0
22.67744444,121.4791111,5.0,301.92,0.18,0.0
22.67744444,121.4791111,9.0,301.92,0.18,0.0
22.6775,121.4930556,5.0,300.17,0.66,0.0
22.6775,121.4930556,10.0,300.17,0.66,0.0
22.6775,121.4975,5.0,300.17,0.66,0.0
22.6775,121.4975,10.0,300.17,0.66,0.0
22.67763889,121.49825,5.0,302.11,1.46,0.0
22.67763889,121.49825,10.0,302.11,1.46,0.0
22.67777778,121.4822222,5.0,302.07,0.56,0.0
22.67777778,121.4822222,10.0,302.07,0.56,0.0
22.67958333,121.4829722,5.0,302.06,1.31,0.0
22.67958333,121.4829722,10.0,302.06,1.31,0.0
22.68138889,121.4830556,5.0,300.3,0.54,0.0
22.68138889,121.4830556,10.0,300.3,0.54,0.0
22.86336111,121.2101111,5.0,299.86,0.65,0.0
23.25352778,119.5128889,3.5,297.94,2.12,0.0
23.25527778,119.5136111,4.0,297.93,0.33,0.0
23.25527778,119.5136111,6.0,297.93,0.33,0.0
23.25605556,119.517,5.0,297.84,4.23,0.0
23.25725,119.5097778,4.0,297.94,2.12,0.0
23.27347222,119.5074167,5.5,297.84,4.23,0.0
23.27347222,119.5074167,3.0,297.94,2.12,0.0
23.27572222,119.5049444,5.0,297.84,4.23,0.0
23.48338889,121.5148889,10.0,299.69,1.18,1.75
25.11338889,121.9193333,5.0,300.92,1.86,0.0
25.11338889,121.9193333,10.0,300.92,1.86,0.0
25.11338889,121.9193333,5.0,301.1,0.51,0.0
25.11338889,121.9193333,10.0,301.1,0.51,0.0
25.11380556,121.9201667,5.0,300.92,1.86,0.0
25.11380556,121.9201667,10.0,300.92,1.86,0.0
25.11380556,121.9201667,5.0,301.1,0.51,0.0
25.11380556,121.9201667,10.0,301.1,0.51,0.0
25.12563889,121.9149167,5.0,301.21,0.0,0.0
25.12563889,121.9149167,4.9,301.02,0.27,0.0
25.13552778,121.8202222,5.0,300.96,1.67,0.0
25.13552778,121.8202222,10.0,300.96,1.67,0.0
25.13552778,121.8202222,5.0,300.96,1.67,0.0
25.13552778,121.8202222,10.0,300.96,1.67,0.0
25.19305556,121.7022222,6.1,301.1,1.44,0.0
-6.763666667,39.21663889,4.5,262.15,0.06,0.0
-6.763666667,39.21663889,9.5,262.15,0.06,0.0
-6.276388889,39.17441667,3.0,298.32,0.06,0.0
-6.276388889,39.17441667,3.5,298.42,0.27,0.0
-6.276388889,39.17441667,2.5,298.55,0.47,1.0
-5.540555556,39.03738889,3.0,300.7,0.45,0.0
-5.540555556,39.03738889,3.0,300.7,0.45,0.0
-5.540555556,39.03738889,3.5,300.7,0.85,0.0
-5.540555556,39.03738889,3.5,300.7,0.85,0.0
-5.540555556,39.03738889,3.5,301.27,0.71,0.0
-5.540555556,39.03738889,3.5,301.27,0.71,0.0
-5.540555556,39.03738889,1.5,301.29,0.04,0.0
-5.540555556,39.03738889,2.0,301.29,0.04,0.0
-5.497222222,39.06638889,3.0,300.74,0.62,0.0
-5.497222222,39.06638889,3.0,300.74,0.62,0.0
-5.497222222,39.06638889,3.5,300.74,1.0,0.0
-5.497222222,39.06638889,3.5,300.74,1.0,0.0
-5.497222222,39.06638889,4.0,301.2,1.05,0.0
-5.497222222,39.06638889,3.5,301.2,1.05,0.0
-5.497222222,39.06638889,2.0,301.21,0.11,0.0
-5.497222222,39.06638889,2.0,301.21,0.11,0.0
6.533333333,99.18194444,7.5,303.67,0.47,0.0
6.536111111,99.21638889,4.0,303.68,0.37,0.0
6.536111111,99.21638889,7.5,303.68,0.37,0.0
7.607305556,98.37755556,4.0,303.25,0.56,0.0
7.607305556,98.37755556,3.0,302.36,0.33,0.0
7.607305556,98.37755556,6.0,302.36,0.33,0.0
7.607305556,98.37755556,5.0,302.36,0.68,2.25
7.607305556,98.37755556,6.0,302.36,0.68,0.0
7.691638889,98.76752778,5.0,302.52,0.88,5.0
7.691638889,98.76752778,5.0,302.52,1.09,0.5
7.691638889,98.76752778,4.0,302.52,1.11,63.75
7.691638889,98.76752778,4.0,302.52,1.14,0.0
7.728638889,98.76938889,5.0,301.55,0.23,0.0
7.728638889,98.76938889,10.0,301.55,0.23,0.0
7.811916667,98.77105556,5.0,302.35,0.46,0.25
7.811916667,98.77105556,11.0,302.35,0.46,0.25
7.95,98.78,4.0,303.71,1.4,0.0
7.95,98.78,7.5,303.71,1.4,0.0
7.951888889,98.84111111,3.5,302.59,1.13,0.0
8.662666667,98.23455556,4.3,301.71,0.8,0.5
9.135,98.253,6.0,262.15,0.134,0.0
9.135,98.253,2.0,262.15,0.262,0.0
9.135,98.253,3.0,262.15,0.884,0.0
9.135,98.253,4.0,262.15,0.908,0.25
9.254333333,98.31519444,4.0,301.79,0.93,0.0
9.331388889,98.32444444,4.0,302.95,0.01,0.0
9.331388889,98.32444444,4.2,303.62,0.92,0.0
9.331388889,98.32444444,3.5,303.62,0.92,0.0
9.33325,98.32525,3.0,303.29,0.37,0.0
9.371055556,97.87091667,7.5,303.05,0.29,0.0
9.380694444,97.87988889,7.5,302.95,0.34,0.0
9.395861111,97.89641667,4.0,302.95,0.34,0.0
9.41575,97.87619444,4.5,302.97,0.52,0.0
9.423277778,97.85447222,6.0,302.92,0.47,0.0
9.426083333,97.89702778,4.0,302.97,0.52,0.0
9.434611111,98.35169444,3.0,303.17,0.42,0.0
9.434611111,98.35169444,6.0,303.68,0.88,0.25
9.434611111,98.35169444,4.0,301.58,0.78,0.0
9.455722222,98.32941667,2.0,303.68,0.88,0.0
9.489388889,98.35163889,3.5,303.4,1.11,0.0
9.563916667,98.38397222,3.0,303.38,0.89,0.0
9.709138889,98.39280556,3.5,262.15,0.7,0.0
10.07186111,99.84047222,5.0,302.46,0.21,0.0
10.085,99.82361111,5.0,303.11,1.7,0.25
10.085,99.82361111,5.0,302.77,3.31,63.75
10.085,99.82361111,5.0,302.23,2.35,72.5
10.085,99.82361111,5.0,302.47,1.4,45.0
10.08975,99.84233333,4.5,302.03,0.26,10.0
10.08975,99.84233333,8.5,302.03,0.26,11.25
10.09916667,99.81666667,6.0,302.01,2.28,0.0
10.09916667,99.81666667,10.0,302.01,2.28,0.0
10.10055556,99.82438889,7.0,302.37,0.18,0.0
10.10055556,99.82438889,4.5,302.37,0.18,0.0
10.11666667,99.84444444,4.5,301.8,0.94,0.0
10.11666667,99.84444444,9.0,301.8,0.94,0.0
10.11666667,99.84444444,5.0,302.47,1.4,100.0
10.11666667,99.84444444,10.0,302.47,1.4,57.5
10.11666667,99.84444444,5.0,302.37,0.93,0.0
10.11666667,99.84444444,8.0,302.37,0.93,0.0
10.11722222,99.81305556,4.0,302.08,0.36,0.0
10.11722222,99.81305556,8.0,302.08,0.36,0.0
10.11722222,99.81305556,4.0,302.01,1.62,0.0
10.11722222,99.81305556,9.6,302.01,1.62,0.0
10.11994444,99.84405556,4.5,303.53,0.78,0.0
10.11994444,99.84405556,9.5,303.53,0.78,0.0
10.12086111,99.84361111,4.5,302.06,0.1,70.0
10.12086111,99.84361111,10.0,302.06,0.1,22.5
10.12102778,99.83486111,4.0,303.28,0.25,0.0
10.12102778,99.83486111,7.0,303.28,0.25,0.0
10.12222222,99.83497222,4.5,300.52,0.17,1.0
10.12222222,99.83497222,8.5,300.52,0.17,0.75
10.12222222,99.83497222,3.5,302.06,0.01,0.0
10.12222222,99.83497222,8.5,302.06,0.01,1.0
10.12222222,99.83497222,4.5,302.65,1.72,0.0
10.12222222,99.83497222,9.0,302.65,1.72,0.0
10.12222222,99.83497222,4.5,303.37,1.63,11.25
10.12222222,99.83497222,8.5,303.37,1.63,1.0
10.12222222,99.83497222,4.5,302.77,3.31,66.25
10.12222222,99.83497222,8.5,302.77,3.31,20.0
10.12222222,99.83497222,4.5,302.03,1.44,66.25
10.12222222,99.83497222,5.0,302.03,1.44,20.0
10.12222222,99.83497222,4.0,302.06,0.42,55.0
10.12222222,99.83497222,8.5,302.06,0.42,81.25
10.12222222,99.83497222,4.5,302.04,1.56,0.0
10.12222222,99.83497222,8.5,302.04,1.56,0.0
10.12277778,99.83497222,4.5,302.06,0.54,0.0
10.12277778,99.83497222,4.5,301.41,0.5,0.25
10.12277778,99.83497222,4.5,302.69,0.17,0.0
10.12277778,99.83497222,10.0,302.69,0.17,0.0
10.12277778,99.83497222,5.8,301.24,1.39,0.0
10.12277778,99.83497222,10.0,301.24,1.39,0.0
10.12277778,99.83497222,5.7,303.56,0.15,0.0
10.12277778,99.83497222,5.5,303.56,1.57,0.0
10.12277778,99.83497222,9.5,303.56,1.57,0.0
10.12277778,99.83497222,4.5,302.51,2.77,88.75
10.12277778,99.83497222,9.5,302.51,2.77,85.0
10.12277778,99.83497222,4.5,302.06,1.15,96.5
10.12277778,99.83497222,9.5,302.06,1.15,55.0
10.12277778,99.83497222,4.5,302.1,0.65,66.25
10.12277778,99.83497222,9.5,302.1,0.65,62.5
10.12277778,99.83497222,4.5,302.26,0.82,20.0
10.12277778,99.83497222,8.5,302.26,0.82,0.0
10.12277778,99.83497222,5.0,302.37,1.39,47.5
10.12277778,99.83497222,10.0,302.37,1.39,40.0
10.40275,99.35088889,2.0,302.17,0.77,0.0
11.755,102.5444444,5.5,301.45,2.26,0.0
11.78388889,102.3933333,7.0,301.77,1.57,0.0
11.78738889,102.3963889,4.0,302.0,1.31,0.0
11.79027778,102.3833333,4.0,301.47,2.21,0.75
11.79722222,102.3888889,3.6,301.77,1.4,0.25
11.80516667,102.3785278,5.0,301.93,1.26,0.0
11.80516667,102.3785278,4.5,301.59,0.41,0.5
11.81847222,102.4028889,3.5,301.93,1.26,5.0
11.82027778,102.4011111,3.5,301.29,1.62,0.0
11.82027778,102.4025,4.0,301.77,1.4,0.0
11.82305556,102.4472222,4.3,301.5,2.39,0.0
11.90111111,102.4713889,7.0,301.65,1.37,1.0
11.9385,102.3963889,6.0,303.44,0.93,0.5
11.945,102.2875,10.0,303.44,0.96,0.0
11.94527778,102.2833333,12.0,301.75,1.14,0.25
12.96266667,100.653,3.9,301.36,0.64,0.5
-18.7125,-174.1083333,12.0,298.01,0.23,5.5
11.19138889,-60.79666667,9.0,299.73,0.52,5.5
11.23225,-60.76733333,9.3,300.19,0.44,5.0
11.23330556,-60.76208333,7.5,300.12,0.43,3.75
11.23577778,-60.75780556,10.0,300.12,0.43,3.75
11.25569444,-60.53872222,10.0,262.15,1.3225,7.5
11.32088889,-60.5585,7.0,262.15,0.034,7.5
11.32825,-60.55047222,10.5,262.15,0.24,0.0
11.33308333,-60.55613889,10.6,299.72,0.13,6.75
11.33316667,-60.55619444,5.5,299.3,0.65,22.5
21.43305556,-71.14888889,7.0,298.74,0.28,0.0
21.48025,-71.53727778,17.5,301.84,0.47,0.0
21.48275,-71.517,12.8,301.85,0.04,8.75
21.48325,-71.51697222,11.6,299.92,0.12,0.0
21.48327778,-71.52155556,5.8,299.92,0.12,0.0
21.48363889,-71.51952778,6.3,299.92,0.12,0.0
21.48388889,-71.52308333,6.0,299.92,0.12,0.0
21.48413889,-71.52294444,1.5,299.92,0.12,0.0
21.48425,-71.52163889,2.7,299.92,0.12,0.0
21.48477778,-71.52163889,2.7,299.92,0.12,0.0
21.67316667,-72.46941667,19.5,301.94,0.1,7.5
21.68375,-72.46955556,21.7,301.94,0.1,0.0
21.76338889,-72.451,3.5,299.92,0.79,0.0
21.78569444,-72.20466667,4.7,262.15,0.356666667,2.5
21.78586111,-72.20497222,4.0,262.15,0.731666667,0.0
21.78586111,-72.20497222,4.0,262.15,0.94,0.0
21.78586111,-72.20497222,4.0,262.15,0.225,0.0
21.78586111,-72.20497222,4.0,262.15,0.396666667,0.0
21.78586111,-72.20497222,4.0,262.15,1.101666667,0.0
21.78586111,-72.20497222,4.0,262.15,1.99,16.25
21.78586111,-72.20497222,4.0,262.15,0.808333333,25.0
21.78861111,-72.22666667,3.0,298.83,0.31,0.0
21.80127778,-72.17597222,3.0,298.77,0.43,0.0
21.81261111,-72.18919444,13.0,301.75,0.27,0.0
21.81333333,-72.21,2.5,299.7,0.46,0.0
21.81336111,-72.18738889,12.3,301.75,0.27,1.25
21.81341667,-72.18741667,8.0,298.77,0.43,0.0
21.8145,-72.1865,14.2,301.75,0.27,10.0
21.81533333,-72.18516667,11.8,301.75,0.27,5.75
21.83016667,-72.1725,11.3,301.64,0.09,9.5
21.83433333,-72.341,14.2,301.89,0.17,28.75
21.83816667,-72.34133333,8.0,298.82,0.09,0.0
21.84433333,-72.34183333,14.2,301.89,0.17,80.0
21.90622222,-72.11455556,16.7,301.74,0.19,0.0
25.49172222,56.36391667,4.0,262.15,0.806666667,3.125
25.49172222,56.36391667,4.0,262.15,1.45,0.0
25.49172222,56.36391667,3.5,262.15,0.956666667,0.0
25.49172222,56.36391667,4.5,262.15,0.123333333,0.0
25.49172222,56.36391667,4.0,262.15,0.706666667,1.75
25.60341667,56.35072222,5.0,303.51,0.54,0.0
25.60341667,56.35072222,5.0,301.72,0.71,0.0
25.60341667,56.35072222,5.0,295.62,0.03,7.5
13.50425,144.7888056,1.5,262.15,0.256666667,0.0
13.50425,144.7888056,1.5,262.15,0.836666667,0.0
13.59555556,144.2522222,3.5,301.89,0.05,0.25
17.76858333,-64.82208333,10.0,262.15,0.45,50.0
18.32288889,-64.83569444,10.0,300.0,0.57,50.0
18.335,-64.84861111,3.0,300.97,0.32,100.0
18.335,-64.84861111,3.0,298.91,0.06,0.0
18.34080556,-65.08247222,7.0,301.73,0.09,0.0
18.34080556,-65.08247222,13.0,301.73,0.09,3.75
18.35752778,-64.83108333,8.2,301.72,0.1,1.25
18.35752778,-64.83108333,10.6,301.72,0.1,1.0
18.36611111,-64.80805556,10.0,299.87,0.55,50.0
19.42361111,-155.9119444,4.0,298.62,0.29,0.0
19.42361111,-155.9119444,10.5,298.16,0.67,0.0
19.8185,-155.9986111,11.5,297.83,0.01,0.0
20.68816667,-156.4388333,2.5,262.15,0.11,0.0
20.68816667,-156.4388333,5.0,262.15,0.11,0.0
20.73333333,-156.8983333,5.0,297.6,0.79,0.25
20.73333333,-156.8983333,8.0,297.6,0.79,0.0
20.78786111,-156.9911667,10.0,298.65,0.28,1.0
20.89366667,-156.8713889,1.5,262.15,0.0875,33.75
21.25652778,-157.7975556,1.5,262.15,0.496,0.0
21.26844444,-157.8237778,1.7,298.39,0.17,0.0
21.26844444,-157.8237778,1.7,297.32,0.72,7.5
21.26888889,-157.8241111,2.0,297.38,0.25,0.0
21.26888889,-157.8241111,3.0,297.49,0.58,0.0
21.26938889,-157.8226389,1.5,297.79,0.08,1.0
21.26938889,-157.8226389,1.5,297.79,0.08,13.75
21.27380556,-157.8393889,8.0,298.63,0.77,0.0
21.31977778,-157.6693333,3.0,262.15,0.16,0.0
21.39288889,-157.7145,1.2,262.15,1.165,0.0
21.44083333,-157.8083333,1.0,262.15,0.73,0.0
21.44761111,-158.1943889,3.0,299.61,0.75,3.75
21.47775,-158.2248889,5.0,298.0,0.42,0.0
21.55025,-157.8459444,1.0,299.36,0.2,7.5
21.55391667,-157.8481111,1.7,296.9,0.38,0.015
21.64769444,-158.0649167,7.0,262.15,0.69,0.0
21.65263889,-158.0639444,9.0,262.15,0.493333333,5.0
21.65263889,-158.0639444,12.0,262.15,0.276666667,5.0
21.67688889,-158.0401944,3.0,299.13,0.28,0.0
22.21866667,-159.4981667,2.0,298.85,0.65,0.0
22.21866667,-159.4981667,2.0,298.85,0.65,1.25
22.22025,-159.49975,3.0,298.99,0.76,12.5
22.22083333,-159.5846944,1.5,299.06,0.57,0.0
22.22719444,-159.4641944,1.5,296.98,0.94,11.25
24.47958333,-81.71672222,5.0,299.72,0.86,26.25
24.48047222,-81.71297222,3.0,299.72,0.86,0.0
25.00908333,-80.37575,12.5,302.7,1.06,1.0
25.00986111,-80.37447222,5.7,302.7,1.06,1.0
25.03366667,-80.34772222,15.3,302.47,0.83,0.01
25.03388889,-80.33583333,16.0,302.72,0.95,2.5
25.03416667,-80.34722222,11.0,302.86,0.1,1.0
25.03416667,-80.34722222,12.0,302.86,0.36,0.75
25.03416667,-80.34722222,10.0,302.67,0.15,0.0
25.03416667,-80.34722222,6.0,302.95,0.73,0.0
25.03416667,-80.34722222,10.0,302.95,0.82,0.0
25.03452778,-80.35472222,9.2,297.04,2.0,0.0
25.03563889,-80.34658333,13.0,302.86,1.93,2.5
25.03563889,-80.34658333,9.2,302.47,0.83,1.0
25.03563889,-80.34658333,11.7,302.95,1.0,0.0
25.03641667,-80.34730556,7.8,302.48,0.72,0.02
25.10738889,-80.30738889,6.7,302.9,1.27,0.0
25.11055556,-80.30347222,5.0,302.76,1.05,0.0
25.13663889,-80.28886111,5.0,297.13,0.48,6.25
25.13663889,-80.28886111,4.0,298.67,0.43,6.25
25.14008333,-80.25983333,6.0,302.71,0.3,6.0
25.14291667,-80.25819444,11.0,302.68,0.38,0.0
25.14291667,-80.25819444,5.0,302.95,0.84,0.25
25.14291667,-80.25819444,6.0,302.95,0.94,0.0
25.14291667,-80.25819444,5.3,298.8,0.61,10.0
25.14583333,-80.265,7.0,302.71,0.95,2.25
26.12669444,-80.09425,6.0,262.15,0.165,0.0
26.12669444,-80.09425,5.5,262.15,0.1025,0.0
26.12669444,-80.09425,4.0,262.15,0.7475,0.25
26.12680556,-80.09180556,9.3,262.15,0.165,0.0
26.12680556,-80.09180556,10.0,262.15,1.2825,0.25
26.18655556,-80.09263889,3.0,262.15,0.373333333,0.0
26.20530556,-80.08511111,6.7,262.15,0.693333333,37.5
26.20530556,-80.08511111,6.0,262.15,0.4,0.25
26.20530556,-80.08511111,5.4,262.15,0.676666667,0.0
26.20619444,-80.08508333,4.5,262.15,0.343333333,0.0
26.20705556,-80.08494444,4.3,262.15,0.126666667,1.25
26.211,-80.08461111,5.0,262.15,0.4,0.0
26.211,-80.08461111,5.4,262.15,0.676666667,0.25
26.22611111,-80.09111111,4.0,262.15,0.91,0.0
26.22611111,-80.09111111,5.0,262.15,0.91,0.0
26.24488889,-80.06663889,15.5,302.57,0.39,30.0
26.26077778,-80.08630556,14.6,262.15,0.866666667,0.0
26.26383333,-80.06416667,17.0,301.93,2.59,0.75
26.27097222,-80.05097222,13.4,302.15,0.34,0.0
26.27122222,-80.07091667,14.0,301.44,0.35,0.0
26.30247222,-80.06047222,13.0,301.89,2.6,0.5
26.32761111,-80.05947222,17.0,301.69,0.77,11.25
26.328,-80.06555556,12.8,301.69,0.77,6.25
26.32922222,-80.05836111,14.0,301.44,1.49,0.0
26.36069444,-80.05486111,15.8,301.69,0.77,0.25
26.67775,-80.01888889,15.0,302.35,0.53,0.0
26.69558333,-80.01813889,16.0,302.35,0.53,50.0
27.11127778,-80.11702778,7.7,262.15,1.035,0.0
27.12116667,-80.12780556,7.0,301.76,1.05,25.0
-20.24936111,169.7828333,1.0,296.76,0.97,0.0
-20.24655556,169.7772778,2.0,296.83,0.85,0.0
-20.24419444,169.7750556,7.5,262.15,1.084,0.0
-20.24238889,169.7785556,1.0,262.15,1.084,0.0
-20.23666667,169.7714444,1.0,262.15,1.04,0.025
-20.23666667,169.7714444,11.0,262.15,1.04,0.0
-18.81483333,168.4015,1.0,297.71,0.09,0.0
-18.79580556,169.0066111,1.0,262.15,1.2,0.0
-18.79580556,169.0066111,10.0,262.15,1.2,0.25
-17.73816667,168.278,10.0,262.15,0.72,5.0
-17.6415,168.1406667,15.0,301.69,0.21,0.0
-17.63425,168.2003889,2.5,262.15,0.126666667,7.5
-17.53633333,168.4743333,8.0,301.42,0.66,0.0
-17.49513889,168.4015,2.0,298.37,0.63,0.0
-15.37747222,168.1305556,3.0,299.47,0.06,22.5
-15.37727778,168.1308889,4.0,299.47,0.06,0.25
-15.37727778,168.1308889,10.0,299.47,0.06,0.25
-14.96527778,167.1533333,9.0,301.62,0.04,0.0
10.55533333,-67.49519444,12.0,298.87,0.4,20.0
9.906388889,104.0208333,3.7,302.98,2.07,0.0
9.906388889,104.0208333,7.7,302.98,2.07,0.0
9.909166667,103.9922222,2.5,302.98,2.07,0.0
9.909166667,103.9922222,6.7,302.98,2.07,0.0
9.913333333,103.9927778,2.2,302.78,1.62,0.0
9.913333333,103.9927778,4.2,302.78,1.62,0.0
9.914444444,104.0169444,2.5,303.15,1.26,0.0
9.914444444,104.0169444,5.7,303.15,1.26,0.0
9.917777778,103.9788889,4.7,302.94,1.81,0.0
9.918611111,104.0202778,2.7,302.75,1.36,0.0
9.918611111,104.0202778,6.0,302.75,1.36,0.0
9.920277778,103.9822222,4.7,302.94,1.81,0.0
9.921111111,104.0197222,3.0,302.75,1.36,0.0
9.921111111,104.0197222,5.2,302.75,1.36,0.0
9.921944444,103.9975,3.5,302.75,1.36,0.0
9.921944444,103.9975,7.0,302.75,1.36,0.0
9.922861111,104.0023889,3.0,302.96,1.65,0.0
9.922861111,104.0023889,6.7,302.96,1.65,0.0
9.956666667,104.0116667,2.8,303.05,1.79,0.0
9.956666667,104.0116667,6.0,303.05,1.79,0.0
9.969166667,104.0111111,2.2,303.05,1.79,0.0
9.969166667,104.0111111,6.2,303.05,1.79,0.0
9.994722222,104.0391667,3.5,302.64,0.93,0.0
10.00027778,104.0094444,4.7,262.15,0.261428571,0.0
10.00472222,104.0286111,2.2,262.15,0.928571429,0.0
10.00472222,104.0286111,5.5,262.15,0.928571429,0.0
11.22333333,108.8313889,3.1,301.12,0.23,0.0
11.22333333,108.8313889,6.5,301.12,0.23,0.0
11.23055556,108.8258333,3.2,300.82,1.26,0.0
11.23055556,108.8258333,6.2,300.82,1.26,0.0
11.23166667,108.8294444,3.0,300.82,1.26,0.0
11.23166667,108.8294444,6.0,300.82,1.26,0.0
11.2325,108.8330556,2.9,301.12,0.23,0.0
11.2325,108.8330556,6.5,301.12,0.23,0.0
11.27611111,108.8683333,5.7,301.12,0.66,0.0
11.28222222,108.8736111,5.5,301.12,0.66,0.0
11.31138889,108.7913889,3.5,300.75,1.13,0.0
11.31638889,108.8077778,2.2,300.75,1.13,0.0
11.31638889,108.8077778,5.0,300.75,1.13,0.0
11.32083333,108.8355556,3.0,300.74,1.13,0.0
11.32083333,108.8355556,5.5,300.74,1.13,0.0
12.18055556,109.2447222,2.0,301.1,1.84,0.0
12.18055556,109.2447222,6.9,301.1,1.84,0.0
12.18055556,109.2447222,2.2,301.39,1.77,0.0
12.18055556,109.2447222,7.4,301.39,1.77,0.0
12.18194444,109.2936111,2.5,262.15,1.78375,0.0
12.18194444,109.2936111,6.0,262.15,1.78375,0.0
12.18194444,109.2936111,2.5,262.15,1.63125,0.0
12.18194444,109.2936111,6.0,262.15,1.63125,0.0
12.22138889,109.3241667,3.8,301.31,2.12,0.0
12.22138889,109.3241667,10.5,301.31,2.12,0.0
12.22138889,109.3241667,3.7,301.57,1.34,0.0
12.22138889,109.3241667,10.5,301.57,1.34,0.0
12.22222222,109.3013889,2.5,301.25,2.17,0.0
12.22222222,109.3013889,6.0,301.25,2.17,0.0
12.22222222,109.3013889,3.0,301.57,1.59,0.0
12.22222222,109.3013889,6.0,301.57,1.59,0.0
12.27277778,109.3569444,3.8,301.4,1.15,0.0
12.27277778,109.3569444,10.0,301.4,1.15,0.0
12.27277778,109.3569444,3.7,301.48,1.05,0.0
12.27277778,109.3569444,10.5,301.48,1.05,0.0
12.27888889,109.4938889,3.0,301.67,0.6,0.0
12.27888889,109.4938889,8.5,301.67,0.6,0.0
12.27888889,109.4938889,2.5,301.66,1.99,0.0
12.27888889,109.4938889,8.2,301.66,1.99,0.0
12.28361111,109.3805556,3.5,301.44,1.34,0.0
12.28361111,109.3805556,8.9,301.44,1.34,0.0
12.28361111,109.3805556,3.5,301.49,0.85,0.0
12.28361111,109.3805556,8.9,301.49,0.85,0.0
12.285,109.4994444,2.7,301.69,0.73,1.0
12.285,109.4994444,6.9,301.69,0.73,1.0
12.285,109.4994444,2.5,301.66,1.99,0.0
12.285,109.4994444,7.4,301.66,1.99,0.0
12.30472222,109.3752778,2.2,301.47,0.95,0.0
12.30472222,109.3752778,6.0,301.47,0.95,0.0
12.30472222,109.3752778,2.2,301.51,1.82,0.0
12.30472222,109.3752778,6.2,301.51,1.82,0.0
12.41694444,109.3044444,2.3,301.07,0.55,0.0
12.41694444,109.3044444,6.3,301.07,0.55,0.0
12.44944444,109.2933333,3.0,301.07,0.55,0.0
12.44944444,109.2933333,6.7,301.07,0.55,0.0
12.48361111,109.3094444,2.7,301.67,1.96,1.0
12.48361111,109.3094444,6.0,301.67,1.96,0.25
12.48361111,109.3094444,6.5,301.38,0.48,0.0
12.48361111,109.3094444,2.2,301.38,0.48,0.0
12.49611111,109.3002778,2.7,301.67,1.96,0.25
12.49611111,109.3002778,6.5,301.67,1.96,0.5
12.49611111,109.3002778,4.0,301.38,0.48,0.0
12.49611111,109.3002778,6.5,301.38,0.48,0.0
12.57388889,109.4263889,2.3,300.93,0.89,0.0
12.57388889,109.4263889,6.1,300.93,0.89,0.0
12.60027778,109.3036111,3.0,301.48,1.43,0.0
12.60027778,109.3036111,7.0,301.48,1.43,0.0
12.60027778,109.3036111,3.0,301.73,0.6,0.0
12.60027778,109.3036111,7.0,301.73,0.6,0.0
12.60027778,109.3036111,2.7,301.26,0.78,0.0
12.60027778,109.3036111,7.5,301.26,0.78,0.0
12.60694444,109.3327778,3.0,262.15,1.565,0.0
12.60694444,109.3327778,5.5,262.15,1.565,0.0
12.60694444,109.3327778,3.0,262.15,0.358333333,0.0
12.60694444,109.3327778,5.5,262.15,0.358333333,0.0
12.60694444,109.3327778,2.5,262.15,0.813333333,0.0
12.60694444,109.3327778,5.5,262.15,0.813333333,0.0
15.90305556,108.5397222,5.5,302.32,0.84,1.25
15.90305556,108.5397222,10.0,302.32,0.84,0.5
15.90805556,108.5333333,3.3,302.32,0.84,2.0
15.90805556,108.5333333,8.8,302.32,0.84,0.0
15.93,108.5286111,2.0,301.91,1.02,0.0
15.93,108.5286111,5.5,301.91,1.02,0.0
15.93166667,108.4713889,3.8,299.51,1.88,0.0
15.93166667,108.4713889,7.5,299.51,1.88,0.5
15.93361111,108.4744444,4.5,299.57,1.91,2.25
15.93361111,108.4744444,11.0,299.57,1.91,1.25
15.93805556,108.5152778,5.3,302.13,0.64,0.0
15.94555556,108.4780556,3.5,299.57,1.91,2.25
15.94555556,108.4780556,8.2,299.57,1.91,1.25
15.94555556,108.4863889,7.0,299.51,1.88,1.25
15.96,108.4894444,3.3,302.17,0.27,2.75
15.96,108.4894444,6.7,302.17,0.27,0.0
15.96305556,108.485,3.3,301.81,0.55,0.0
15.96305556,108.485,7.3,301.81,0.55,0.0
15.9675,108.4458333,3.0,301.81,0.55,1.5
15.9675,108.4458333,9.0,301.81,0.55,2.5
15.97138889,108.4913889,6.7,302.17,0.27,0.75
15.97222222,108.4216667,3.0,301.7,0.55,1.5
15.97222222,108.4216667,6.0,301.7,0.55,0.0
15.97722222,108.5005556,10.0,302.17,0.27,2.0
15.97944444,108.4486111,5.0,302.19,0.89,4.5
15.97944444,108.4486111,8.5,302.19,0.89,4.5
16.19972222,108.1911111,5.2,302.36,0.31,0.0
20.73888889,107.0583333,3.2,262.15,0.033333333,0.0
20.82083333,107.1555556,4.0,299.92,0.0,0.0
20.84583333,107.1777778,3.0,299.8,0.51,0.0
12.60172222,53.81730556,6.0,301.4,0.05,0.0
15.70161111,42.39180556,9.0,304.39,0.11,0.0
15.70161111,42.39180556,5.0,304.39,0.11,0.0
